Assay	Library Name	Assay Date	Region	Country	Density lb/ft3	Sulfur %	KinematicViscosity @ 100 F cSt	TAN(mg KOH/g) mg KOH/g	Pour Point F	Blank
Champion Export-1983	Aspen Assay Library	4/11/1983	Asia	Brunei	56.6234481062215	0.135776620072172	15.2806563868454	0.143986605287513	28.7914764022822	
Shengli-1983	Aspen Assay Library	4/11/1983	Asia	China	56.4653753444275	1.00445877853391	56.1316497174716	1.16	81.8366814359624	
Taching (Daqing)-1983	Aspen Assay Library	4/11/1983	Asia	China	53.5123138047962	0.0905266301960949	15.622036092641	1.15999998855005	103.178506911061	
Sepingan-Yakin Mixed-1983	Aspen Assay Library	4/11/1983	Asia	Indonesia	54.0183087616408	0.197294118		0.3		
Bombay High-1983	Aspen Assay Library	4/11/1983	Asia	India	51.3969135906195	0.0178667324720102	3.8489166853101	0.127390404373643	92.0446395527133	
Arimbi-1983	Aspen Assay Library	4/11/1983	Asia	Indonesia	53.9633983799752	0.179072196549582	7.85647564245824	0.299964372835244	104.031029274969	
Bunyu-1983	Aspen Assay Library	4/11/1983	Asia	Indonesia	54.0183087616409	0.0502692687473449	2.67	0.3	61.0230755782651	
Cinta-1983	Aspen Assay Library	4/11/1983	Asia	Indonesia	53.4357327898409	0.0741691840312298	14.1833992001895	0.299991981281586	120.321028872286	
Jatibarang-1983	Aspen Assay Library	4/11/1983	Asia	Indonesia	54.9270279744536	0.07	159.604769828431	0.3	108.928114975303	
Sanga-Sanga-1983	Aspen Assay Library	4/11/1983	Asia	Indonesia	56.1688862746175	0.194049215625006		0.3		
Bekok-1983	Aspen Assay Library	4/11/1983	Asia	Malaysia	49.0965114600868	0.0220792094761728	2.17075747343999	0.0350000000000001	56.3347202582596	
Dulang-1983	Aspen Assay Library	4/11/1983	Asia	Malaysia	51.5132260267999	0.0493463598438138	14.9197542368204	0.459999999999999	95.9648543513586	
Pulai-1983	Aspen Assay Library	4/11/1983	Asia	Malaysia	51.0189555283046	0.016710292965438	1.99652678815177	0.252981790719513	84.6201635895364	
Tapis-1983	Aspen Assay Library	4/11/1983	Asia	Malaysia	50.2202460423407	0.0200863925255285	2.04315999830309	0.0399999999999999	44.9550955834514	
Udang-1983	Aspen Assay Library	4/11/1983	Asia	Indonesia	51.9227372691004	0.042639369346325	10.1752966236745	0.3	100.038163024668	
Labuan Blend-1983	Aspen Assay Library	4/11/1983	Asia	Malaysia	53.3239444144649	0.0689796282701793	3.50867782078137	0.3	51.2936644010102	
Tembungo-1983	Aspen Assay Library	4/11/1983	Asia	Malaysia	52.015927339467	0.0486514394157262	2.42153587740001	0.253	25.9926205883109	
Miri Light-1983	Aspen Assay Library	4/11/1983	Asia	Malaysia	52.4471160403417	0.0713684472842661	4.16041358129878	0.175	43.9023933987127	
Soviet Export Blend-1983	Aspen Assay Library	4/11/1983	Asia	FSU	54.415878216674	1.47037465120104	6.04575174296742	0.127608765608038	-9.40140462553138	
Bach Ho (White Tiger)-1983	Aspen Assay Library	4/11/1983	Asia	Vietnam	51.7864625079839	0.0287637611248829	5.58056683212918	0.0350507709887024	100.426635835523	
Dai Hung-1983	Aspen Assay Library	4/11/1983	Asia	Vietnam	52.7284258926583	0.0722475166171568	3.40881728261311	0.18640965270869	91.8874914791282	
Salawati-1983	Aspen Assay Library	4/11/1983	Asia	Indonesia	52.0105486129782	0.197294118		0.3		
Walio-1983	Aspen Assay Library	4/11/1983	Asia	Indonesia	53.1071565656615	0.571509844332315	5	0.3	69.9106475232137	
Jabiru-1983	Aspen Assay Library	4/11/1983	Australia	Australia	50.7224898237885	0.0419684791217924	3.49142775528768	0.0200000000000001	61.0243267383014	
Jackson Blend-1983	Aspen Assay Library	4/11/1983	Australia	Australia	50.8407892077145	0.0390460937621768	5.07200109011377	0.0399683382283897	105.151104721666	
Gippsland-1983	Aspen Assay Library	4/11/1983	Australia	Australia	50.1168992783757	0.0990578385341737	2.13792152926519	0.11	71.6966114219018	
Cano Limon-1983	Aspen Assay Library	4/11/1983	Latin America	Colombia	54.4115867721447	0.471608612960538	6.56143979260828	0.27	71.0230746874922	
Oriente-1983	Aspen Assay Library	4/11/1983	Latin America	Ecuador	54.0636962318608	1.03958554257416	18.42887434996	0.134942104588572	38.819263260887	
Isthmus-1991	Aspen Assay Library	3/4/1991	Latin America	Mexico	53.5861731737653	1.32079237079247	4.97264952839975	0.0889948023727114	-49.0062099460047	
Maya-1991	Aspen Assay Library	3/4/1991	Latin America	Mexico	57.3275973942618	3.17348750454941	57.0022263317431	0.0472150717044609	-32.8026096296076	
Olmeca-1991	Aspen Assay Library	3/4/1991	Latin America	Mexico	51.6657105444982	0.794790374703406	3.21179279852852	0.0289999999999998	-38.2062400416133	
Loreto-1983	Aspen Assay Library	4/11/1983	Latin America	Peru	54.1740472355123	0.244342150491865	4.00259407084892	0.134901514276953	34.1169239290219	
BCF 24-1983	Aspen Assay Library	4/11/1983	Latin America	Venezuela	56.900384015431	1.86166267280672	21.7564672591138	0.729987772140427	-17.9587276505791	
Bachaquero-1983	Aspen Assay Library	4/11/1983	Latin America	Venezuela	59.3479852112308	2.40878613610111	76.0729291108127	0.729981069295229	-26.3409318552084	
Boscan-1983	Aspen Assay Library	4/11/1983	Latin America	Venezuela	62.191041111018	5.51070765435555	1140.75273888056	0.730000000000001	62.8108348691876	
Ceuta-1983	Aspen Assay Library	4/11/1983	Latin America	Venezuela	53.7837326602275	1.20672473871885	5.30737124934416	0.729895168556158	-35.0127512012929	
Lagomedio-1983	Aspen Assay Library	10/24/1983 (ca.)	Latin America	Venezuela	53.808000473891	1.17704008593704	6.36650912986164	0.729942314268755	-15.0097687075359	
Leona-1983	Aspen Assay Library	2/24/1983 (ca.)	Latin America	Venezuela	56.4427416764459	1.51671294193509	13.2038027708787	0.729971284897318	-5.59006719424708	
Merey-1983	Aspen Assay Library	10/24/1983 (ca.)	Latin America	Venezuela	56.9194078400722	2.1689804509032	25.473920804019	0.73	-10.0049329294251	
Tia Juana Light-1983	Aspen Assay Library	4/11/1983	Latin America	Venezuela	53.7541228055279	1.10468409812188	6.25845889650222	0.729998729912896	-45.0162018641087	
Tia Juana Pesado A-1983	Aspen Assay Library	4/11/1983	Latin America	Venezuela	61.3723981797915	2.70104734438207	11141.0651408694	0.729999999999999	29.9942986014474	
Abu Al Bu Khoosh-1983	Aspen Assay Library	4/11/1983	Middle East	United Arab Emirates	53.8017522331585	1.92828829460243	6.1936023114539	0.0099080587152172	36.8225161978971	
Burgan-1983	Aspen Assay Library	4/11/1983	Middle East	Divided Zone	57.1325929169376	3.34229016268293	40.931444732061	0.11	23.9240281460307	
Hout-1983	Aspen Assay Library	4/11/1983	Middle East	Divided Zone	53.5939580603122	1.95735470995627	6.8865381849419	0.0399999999999997	30.0801062676592	
Khafji-1983	Aspen Assay Library	4/11/1983	Middle East	Divided Zone	54.9705837876502	2.87302716928107	11.128138573002	0.18	39.7441430057888	
Margham Light-1983	Aspen Assay Library	4/11/1983	Middle East	United Arab Emirates	48.4703937457219	0.0506585557635202	1.40695592299782	0.0325453636352263	28.2864715231188	
East Zeit Mix-1983	Aspen Assay Library	4/11/1983	Middle East	Egypt	51.6272760694892	0.902364831857956	2.8611018027139	0.13	53.8665285676286	
Aboozar (Ardeshir)-1983	Aspen Assay Library	4/11/1983	Middle East	Iran	55.6181566882082	2.5086481427542	19.6373000910158	1.96	36.7683788728161	
Bahrgansar / Nowruz-1983	Aspen Assay Library	4/11/1983	Middle East	Iran	56.3909300863357	2.57599515734603	28.7161042029569	0.839866107450537	39.384015058565	
Dorrood-1983	Aspen Assay Library	4/11/1983	Middle East	Iran	52.4353804696388	2.24119554835477	5.51256925800648	0.217910397867804	35.4195043582704	
Foroozan-1983	Aspen Assay Library	4/11/1983	Middle East	Iran	53.1515548044939	2.42981261276481	10.1999637007592	0.7	20.5751912519315	
Iranian Heavy-1983	Aspen Assay Library	4/11/1983	Middle East	Iran	54.2376624683186	1.60241475865275	7.20283636446048	0.839873658322375	12.1899135116146	
Iranian Light-1983	Aspen Assay Library	4/11/1983	Middle East	Iran	53.2458315019692	1.36917190738765	5.27470031989464	0.839892554943363	3.83707487957953	
Rostam-1976	Aspen Assay Library	1/1/1976	Middle East	Iran	52.6630329623675	1.4529226614015	3.95089769098594	0.839920340764112	10.0568250680452	
Sassan (Salmon)-1976	Aspen Assay Library	1/1/1976	Middle East	Iran	53.350115182553	1.90109628846098	4.90840983084446	0.839801043120469	27.1093404734561	
Sirri-1983	Aspen Assay Library	4/11/1983	Middle East	Iran	54.2851639485378	2.21598024391775	6.86541071145676	0.84	32.5284648289095	
Soroosh-1983	Aspen Assay Library	4/11/1983	Middle East	Iran	58.7267968265131	3.33065915059758	378.528932856262	0.139187204089349	76.2779113254905	
Basrah Heavy-1983	Aspen Assay Library	4/11/1983	Middle East	Iraq	56.5284243108767	3.36302836220819	18.1212498854931	0.111885150272187	10.1720769340383	
Basrah Medium-1983	Aspen Assay Library	4/11/1983	Middle East	Iraq	54.3196296743061	2.59157801308097	7.76411552666035	0.111794332013813	0.254312333027478	
Kirkuk Blend-1983	Aspen Assay Library	4/11/1983	Middle East	Iraq	52.782131343244	1.94720702049191	4.37065809913285	0.111784675677181	4.06754709853546	
Kuwait Export-1983	Aspen Assay Library	4/11/1983	Middle East	Kuwait	53.9872587487024	2.49649725170653	7.60638038086944	0.126903750936215	38.4317957081877	
Dukhan-1983	Aspen Assay Library	4/11/1983	Middle East	Qatar	50.7251859270996	1.19026991325738	2.33522943431564	0.117481162096062	-6.87356214480237	
Arabian Heavy-1983	Aspen Assay Library	4/11/1983	Middle East	Saudi Arabia	55.3348375790234	2.80632627163834	19.6797797876777	0.0999999999999999	2.64831620664465	
Arabian Light-1983	Aspen Assay Library	4/11/1983	Middle East	Saudi Arabia	53.4290475208931	1.76967226527946	5.0655277817451	0.0999623723059936	-2.19747668484538	
Mubarek-1983	Aspen Assay Library	4/11/1983	Middle East	United Arab Emirates	52.369449200826	0.594587461525502	2.86275957998851	0.0100000000000003	19.476342503578	
Saharan Blend-1983	Aspen Assay Library	4/11/1983	North Africa	Algeria	50.0405517826102	0.0533308826885352	1.97506536908332	0.00999850146613875	41.1055131865868	
Amna-1983	Aspen Assay Library	4/11/1983	North Africa	Libya	52.7282412009016	0.158840939396876	13.7057999951561	0.10493604571211	88.2308986268001	
Brega-1983	Aspen Assay Library	4/11/1983	North Africa	Libya	51.3004567476988	0.198423880132319	3.01138523852449	0.123663606316471	64.0619400163264	
Bu Attifel-1983	Aspen Assay Library	4/11/1983	North Africa	Libya	50.3880016223627	0.0337742624452444	4.4899020086227	0.149403798469715	98.3539016646997	
Sarir-1983	Aspen Assay Library	4/11/1983	North Africa	Libya	51.9195709846132	0.152839835960569	4.90052903777846	0.125438573545377	77.2382402469958	
Sirtica-1983	Aspen Assay Library	4/11/1983	North Africa	Libya	50.559136973547	0.435295957484361	2.51987245464872	0.111899497136041	45.4631169715987	
Zueitina-1983	Aspen Assay Library	4/11/1983	North Africa	Libya	51.0630465976922	0.280269583086749	2.79923131698602	0.120887692116354	66.1174729085892	
Ashtart-1983	Aspen Assay Library	4/11/1983	North Africa	Tunisia	54.8662081297748	0.966556528506332	9.74146793701688	0.143989273635817	46.7522677335448	
Bow River Heavy-1983	Aspen Assay Library	4/11/1983	North America	Canada	55.6545693357485	1.96019693545394	16.1072906190776	0.4225	25.3408718285338	
Cold Lake Blend-1993	Aspen Assay Library	1993	North America	Canada	55.3349657757513	2.98890698556997	8.29123608353365	0.71	15.4322913951024	
Federated Light and Medium-1983	Aspen Assay Library	4/11/1983	North America	Canada	51.6782882492259	0.195244891488359	3.8160939375604	0.0900668154642401	47.6295891778652	
Gulf Alberta Light and Medium-1983	Aspen Assay Library	4/11/1983	North America	Canada	53.0404963385565	0.972575368102729	3.96618665351165	0.422495127743921	45.6533886481876	
Rainbow Light and Medium-1983	Aspen Assay Library	4/11/1983	North America	Canada	51.1435009652549	0.43265427578814	2.70426716900436	0.0799999999999999	43.616194334125	
Rangeland-South Light and Medium-1983	Aspen Assay Library	4/11/1983	North America	Canada	51.5551854299249	0.564619105785012	2.88162396608702	0.12	15.4844176309239	
Wainwright-Kinsella-1983	Aspen Assay Library	4/11/1983	North America	Canada	57.1644039002344	2.05195650968483	47.1645828695951	0.422499999999999	37.1261992196761	
Lloydminster-1983	Aspen Assay Library	4/11/1983	North America	Canada	57.8169269053543	3.16904282891289	62.3388034844942	0.779999999999998	47.2213216179066	
Kuparuk-1983	Aspen Assay Library	4/11/1983	North America	United States of America	57.3146932468033	1.72266716949023	37.2580229366747	0.3025	4.93514967477832	
West Sak-1983	Aspen Assay Library	4/11/1983	North America	United States of America	57.1064635916905	1.7424670633777	45.1420622184081	0.68	8.69111873933044	
Hondo Blend-1983	Aspen Assay Library	4/11/1983	North America	United States of America	57.8189385886638	4.44612142118499	126.13626265366	0.4	39.1996407942887	
Hondo Monterey-1983	Aspen Assay Library	4/11/1983	North America	United States of America	58.4363078677515	4.87592164261936	194.980985505026	0.43	36.3565116171669	
Hondo Sandstone-1983	Aspen Assay Library	4/11/1983	North America	United States of America	52.7509979317506	0.219646982397749	4.0964865965608	0.0599999999999999	50.6983844324552	
Dan-1983	Aspen Assay Library	4/11/1983	North Sea	Denmark	54.6150654094431	0.328366387289497	7.46289407987181	0.134770866368271	23.0876661419962	
Gorm-1983	Aspen Assay Library	4/11/1983	North Sea	Denmark	53.2299877655718	0.228513683638316	4.63920309238426	0.125097866604631	29.6515850740051	
Statfjord-1983	Aspen Assay Library	4/11/1983	North Sea	Norway	51.7410143344713	0.294228217994255	2.5047999798038	0.0588095390263643	52.6498374169356	
Argyll-1983	Aspen Assay Library	4/11/1983	North Sea	United Kingdom	52.1973609803413	0.179344934872262	5.27946622357078	0.101428571	52.65037695496	
Auk-1983	Aspen Assay Library	4/11/1983	North Sea	United Kingdom	52.392668310974	0.452007023210847	4.06899278387043	0.113105393488065	98.7146192020068	
Brae-1983	Aspen Assay Library	4/11/1983	North Sea	United Kingdom	53.2704964852982	0.73994817011365	3.79683586791873	0.0183196969818996	45.5683062266934	
Brent-1994	Aspen Assay Library	1994	North Sea	United Kingdom	52.0123164362029	0.256375008186207	2.23896359951763	0.057551037691658	45.0222238535823	
Buchan-1983	Aspen Assay Library	4/11/1983	North Sea	United Kingdom	53.5209004892361	0.824666075453514	5.27223512008006	0.101284549752432	60.4111054165655	
Fulmar-1983	Aspen Assay Library	4/11/1983	North Sea	United Kingdom	51.6394509147921	0.249516178888259	2.59123862367748	0.056039884177348	32.5690816567006	
Kittiwake-1983	Aspen Assay Library	4/11/1983	North Sea	United Kingdom	52.202768663147	0.655683029102981	3.58038880827272	0.101377485290513	5.01328897105867	
Magnus-1983	Aspen Assay Library	4/11/1983	North Sea	United Kingdom	51.5696562149603	0.257817512441605	11.2555928564134	0.042727861718478	33.9408139128847	
Maureen-1983	Aspen Assay Library	4/11/1983	North Sea	United Kingdom	52.3393665384226	0.58625	4.08594641531877	0.101428571	54.8877617069624	
Montrose-1983	Aspen Assay Library	4/11/1983	North Sea	United Kingdom	51.4187044995515	0.225597588497249	3.64189459986519	0.28	34.2352599717605	
Tartan-1983	Aspen Assay Library	4/11/1983	North Sea	United Kingdom	51.0798203444745	0.556500772152092	2.44842875621815	0.101216624270307	15.9964171688223	
Thistle-1983	Aspen Assay Library	4/11/1983	North Sea	United Kingdom	52.3900925492546	0.309508114486579	4.14562094443333	0.101329323216793	65.7752692273849	
Soyo Blend-1983	Aspen Assay Library	4/11/1983	West Africa	Angola	53.6460509724946	0.175431132910349	7.6332477831203	0.07	64.3999293357984	
Kole Marine Blend-1983	Aspen Assay Library	4/11/1983	West Africa	Cameroon	52.8703003658868	0.288749461328408	5.27190657282567	0.127717650030862	44.0501128423703	
Gamba-1983	Aspen Assay Library	4/11/1983	West Africa	Gabon	54.0100749605475	0.113508769604698	5.62986779229363	0.156216246822616	85.7598378994011	
Lucina Marine-1983	Aspen Assay Library	4/11/1983	West Africa	Gabon	51.3621153110785	0.0356610270139766	41.6005086068159	0.133294798378497	63.9407798409894	
Salt Pond-1983	Aspen Assay Library	4/11/1983	West Africa	Ghana	52.0187895867275	0.0950687375565016	3.92260322507687	0.125329946325583	105.872838755792	
Espoir-1983	Aspen Assay Library	4/11/1983	West Africa	Ivory Coast	53.9019775910886	0.312520612350963	4.90787975794702	0.137409430982701	44.1138052592426	
Bonny Medium-1983	Aspen Assay Library	4/11/1983	West Africa	Nigeria	56.3879564270297	0.226904141030137	18.909281079791	0.152999291928089	31.8175340668511	
Escravos-1983	Aspen Assay Library	4/11/1983	West Africa	Nigeria	52.5831377015775	0.140619401101099	2.93734819691308	0.152824472948963	64.9247724322755	
Pennington-1983	Aspen Assay Library	4/11/1983	West Africa	Nigeria	52.1927480659081	0.0700363238806039	2.91574293555991	0.152931977972064	56.1987847931897	
Qua Iboe-1983	Aspen Assay Library	4/11/1983	West Africa	Nigeria	52.4564195912338	0.11714893558123	3.51842830933979	0.153	63.8853623054151	
Zaire-1983	Aspen Assay Library	4/11/1983	West Africa	Zaire	54.3715777682648	0.133984670117767	9.53450463976359	0.142502397385643	89.8563468506715	
Kumkol-1993	Aspen Assay Library	9/6/1993	Asia	Kazakhstan	51.1785973476183	0.0781206294132663	4.22580823190729	0.0400000000000005	64.798540918922	
Siberian Light-1993	Aspen Assay Library	9/6/1993	Asia	Russia	52.5391688022831	0.442503473848363	4.99292159911668	0.132270854609776	24.7805767877004	
Saladin-1993	Aspen Assay Library	10/18/1993	Australia	Australia	49.2361862862897	0.0161141980857448	1.29312080939135	0.0400000000000001	11.8406611074219	
Hydra-1994	Aspen Assay Library	10/31/1994	Australia	Indonesia/Australia Zone of Cooperation	52.3139991025602	0.0803043557292102	4.42994640645528	0.133725691775718	71.4996551058552	
Alif-1994	Aspen Assay Library	5/23/1994	Middle East	Yemen	51.475795792768	0.115186770722677	2.45974087069939	0.0197456258369837	76.999644491294	
West Texas Intermediate-1994	Aspen Assay Library	8/15/1994	North America	United States of America	51.4552867972804	0.32485067190508	15.1180124984499	0.30249976816094	27.3769443358784	
Danish North Sea-1994	Aspen Assay Library	9/12/1994	North Sea	Denmark	52.9926481914386	0.252120016079022	3.6345200886692	0.124729216981389	-57.2623880798148	
Cusiana-1995	Aspen Assay Library	12/11/1995	Latin America	Colombia	52.4293134918929	0.252877962723071	3.18607802584674	0.0244199071801132	60.0328317252417	
Rincon de los Sauces-1995	Aspen Assay Library	4/17/1995	Latin America	Argentina	52.7520649023323	0.285873227452157	11.566545202872	0.0666237666137825	43.7551212349387	
Canadon Seco-1995	Aspen Assay Library	4/17/1995	Latin America	Argentina	55.3278679407566	0.164441075353289	29.6656427731834	0.0666643173072935	73.149834351116	
Escalante A-1995	Aspen Assay Library	4/17/1995	Latin America	Argentina	56.7385889071176	0.193108456922995	181.693533752624	0.0666633921994976	33.3268965253006	
Leona-1997	Aspen Assay Library	6/9/1997	Latin America	Venezuela	56.6827741631559	1.57029006091751	15.7991253330405	0.72995280728556	64.8084270815951	
Merey-1997	Aspen Assay Library	6/9/1997	Latin America	Venezuela	60.1869598456064	2.58203375921889	2126.21110260451	0.73	-84.791233436376	
Liverpool Bay-1997	Aspen Assay Library	5/12/1997	North Sea	United Kingdom	50.3204268123171	0.229325786304933	2.57529452315312	0.101168676291125	57.9991598364241	
Isthmus-2000	Aspen Assay Library	5/15/2000	Latin America	Mexico	53.304302948125	1.39785495515271	5.44465387676996	0.459999999999999	16.3057020299003	
Olmeca-2000	Aspen Assay Library	5/15/2000	Latin America	Mexico	51.7984416186696	0.929213456724818	3.05380399193603	0.799999999999999	12.7732561052993	
Maya-2000	Aspen Assay Library	5/15/2000	Latin America	Mexico	57.4912881848118	3.38154503186312	112.892792060007	0.43	23.314546768545	
Mexico Marine Light-2000	Aspen Assay Library	5/15/2000	Latin America	Mexico	53.1035951513081	1.2353903095869	4.81766939657064	0.26	16.3347939160388	
Pierce-2001	Aspen Assay Library	4/9/2001	North Sea	United Kingdom	52.1428709402681	0.154224695334941	3.86964143992844	0.168940960853478	48.4436461919585	
Tempa Rossa-2001	Aspen Assay Library	4/9/2001	Europe	Italy	57.9977985021578	6.65437248290026	25.8156439242486	0.14874237723756	40.2061059791397	
Zuata Sweet-1998	Aspen Assay Library	10/19/1998	Latin America	Venezuela	54.0164929457779	0.0665979961683445	5.2998667554122	0.729988962026458	1.90463347844254	
Ten Section Field-1984	Aspen Assay Library	1984	North America	United States of America	53.2876831472147	0.45	3.38842571100215	0.302312332702342	4.99946405814122	
Elk Hills Field-1984	Aspen Assay Library	1984	North America	United States of America	55.7932345010001	0.51	6.88030191010125	0.3025	4.99684701378449	
Torrance Field-1984	Aspen Assay Library	1984	North America	United States of America	56.7748530784632	1.84	15.5017065114345	0.3025	4.99943593995581	
Torrance Field-1984(2)	Aspen Assay Library	1984	North America	United States of America	56.7748530784632	1.84	15.5017065114345	0.3025	4.99943593995581	
Bridgeport Field-1984	Aspen Assay Library	1984	North America	United States of America	52.7248663583267	0.21	3.81485892471158	0.302300617810325	4.99935919692859	
Marcotte Field-1984	Aspen Assay Library	1984 	North America	United States of America	55.9585239787093	0.77	16.6565870538238	0.3025	14.999826903043	
Black Bay, West Field-1984	Aspen Assay Library	1984	North America	United States of America	53.2103225310127	0.19	4.82893230693558	0.30243160320409	4.99971609358267	
Bayou des Allemands Field-1984	Aspen Assay Library	1984	North America	United States of America	52.7801018811728	0.2	4.46135972173879	0.302494193852819	34.9997157592009	
Sho-Vel-Tum Field-1984	Aspen Assay Library	1984	North America	United States of America	55.2410433275839	1.41	9.96600847482431	0.302406801777819	9.99960870091342	
Sho-Vel-Tum Field-1984(2)	Aspen Assay Library	1984	North America	United States of America	57.8315134637286	1.68	33.7678783395611	0.30249178950351	4.99236445813875	
Sho-Vel-Tum Field-1984(3)	Aspen Assay Library	1984	North America	United States of America	55.649187067755	1.34	15.1935249718489	0.3025	4.99896927162071	
Hastings, East Field-1984	Aspen Assay Library	1984	North America	United States of America	54.3663211523147	0.15	4.89746517942944	0.302499889941919	4.99985330384211	
Cedar Lake Field-1984	Aspen Assay Library	1984	North America	United States of America	53.7401131560514	2.12	3.8377163951162	0.302416036748441	4.99942173367501	
Corsicana Field-1984	Aspen Assay Library	1984	North America	United States of America	52.0182094218192	0.24	3.29613017910215	0.302494356036496	4.99958523386921	
Bayou Choctaw, Sweet-2010	Aspen Assay Library	4/23/2010	North America	United States of America	53.0562012432992	0.415687238525977	4.79664695445341	0.221084912837742	53.9894966756844	
Bayou Choctaw, Sour-2010	Aspen Assay Library	4/6/2010	North America	United States of America	53.7365320617125	1.4547165101371	5.76856044460648	0.07720543668885	46.720793308053	
West Hackberry, Sweet-2010	Aspen Assay Library	4/21/2010	North America	United States of America	52.3268054885295	0.333143391804876	3.74120448267305	0.124599287107134	57.4338693079911	
West Hackberry, Sour-2010	Aspen Assay Library	4/19/2010	North America	United States of America	53.5793428370163	1.5444836901026	5.3939669752409	0.122116037256523	39.4931537459299	
Big Hill, Sweet-2010	Aspen Assay Library	4/7/2010	North America	United States of America	52.8074860211026	0.410083658100873	4.53340575538262	0.23631107020706	52.5512102618057	
Big Hill, Sour-2010	Aspen Assay Library	4/14/2010	North America	United States of America	54.3580665984032	1.44247611538435	7.29056839073196	0.0967931399022943	44.775034632476	
Bryan Mound, Sweet-2010	Aspen Assay Library	5/3/2010	North America	United States of America	52.5100582133463	0.381917104995353	4.18959694167927	0.0743704293480158	60.9184954505515	
Bryan Mound, Sour-2010	Aspen Assay Library	5/17/2010	North America	United States of America	53.5630703129852	1.4270654693408	5.41395502097232	0.0725571119174064	38.9157353475041	
Ardjuna-2002	Aspen Assay Library	10/7/2002 (ca.)	Asia	Indonesia	51.7294314838159	0.0942747152668327	2.17899607517055	0.112364030364589	73.8887117989965	
Attaka-2011	Aspen Assay Library	10/25/2011 (ca.)	Asia	Indonesia	51.0864723365229	0.0743377237189879	1.55918061323176	0.0689752281661994	49.4686500377172	
Azeri (Ceyhan)-2012	Aspen Assay Library	3/12/2012 (ca.)	Middle East	Azerbaijan	52.3583427701164	0.134964487758502	4.14190930506342	0.257728902885675	47.5415947116487	
Azeri Light-2005	Aspen Assay Library	2/6/2005 (ca.)	Middle East	Azerbaijan	52.8286997127547	0.147861600134468	5.27054329963154	0.233089212574936	47.2060306904584	
Badak-2009	Aspen Assay Library	2/25/2009 (ca.)	Asia	Indonesia	51.6853675916496	0.0578285073748489	1.44964293571083	0.0812733625326002	50.7339404029715	
Bekapai-2001	Aspen Assay Library	2/1/2001 (ca.)	Asia	Indonesia	50.7061058345165	0.0437196624912103	6.76021384683494	0.3	53.0982781605926	
Belida-2008	Aspen Assay Library	12/18/2008 (ca.)	Asia	Indonesia	49.3422315831052	0.0244314788626629	2.01784055178448	0.0574218183165332	68.0602217479315	
Bintulu-2001	Aspen Assay Library	05/25/2001 (ca.)	Asia	Malaysia	52.3709495720453	0.0694000856629108	1.79694646060254	0.227488617507441	59.4372870832528	
Sumatran Heavy (Duri)-2012	Aspen Assay Library	6/7/2012 (ca.)	Asia	Indonesia	58.0301904211402	0.208845892386644	173.693177533389	0.949468566656665	83.7585373050178	
Handil-2007	Aspen Assay Library	10/1/2007 (ca.)	Asia	Indonesia	51.3229228020799	0.0375848705405732	1.83894227639609	0.0900000000000001	30.4697273785101	
Kutubu-2007	Aspen Assay Library	1/1/2007 (ca.)	Australia	Papua New Guinea	50.1676153423491	0.0453140506202104	1.47044556498575	0.0396544653452123	53.5891879867192	
Sumatran Light (Minas)-2009	Aspen Assay Library	9/16/2009 (ca.)	Australia	Australia	53.2556638735294	0.0906209755629956	12.6221770137366	0.0968302613223704	98.7092024385549	
Seria light-2010	Aspen Assay Library	5/18/2010 (ca.)	Asia	Brunei	53.079850913139	0.0878449023672977	7.53482647915827	0.35	70.5119117377749	
Tapis blend-2011	Aspen Assay Library	1/1/2011 (ca.)	Asia	Malaysia	50.6658259637054	0.043904383253486	2.2211303113923	0.209317267653218	73.3042038900179	
Barrow Island-2007	Aspen Assay Library	11/15/2007 (ca.)	Australia	Australia	52.489390569168	0.0480361763228255	2.22452162606325	0.0423776243283388	-5.01330662790726	
Cossack-2000	Aspen Assay Library	4/16/2000 (ca.)	Australia	Australia	49.1865290621597	0.0387582104248912	1.40625712472112	0.0218623315258962	32.8304032910736	
Gippsland-2008	Aspen Assay Library	1/1/2008 (ca.)	Australia	Australia	47.8573060838915	0.0832516298178282	0.99545409603047	0.0878419115570363	41.2860835578677	
Northwest Shelf condensate-2007	Aspen Assay Library	11/15/2007 (ca.)	Australia	Australia	45.1424249720477	0.00278268079897655	0.657461683248321	0.1	-63.3983367995429	
Northwest Shelf condensate-2012	Aspen Assay Library	2/5/2012 (ca.)	Australia	Australia	44.2654998404277	0.00327153396412267	0.703930065628029	0.00989080739340827	-69.7476634466934	
Skua-1994	Aspen Assay Library	5/9/1994 (ca.)	Australia	Australia	50.8451293228479	0.0504392443036389	2.14660584306631	0.0252963375084587	59.7644439573888	
Alba-2002	Aspen Assay Library	1/26/2002 (ca.)	North Sea	United Kingdom	58.2015804505813	1.18862134115405	57.5107882851462	0.557564247413292	12.514390175568	
Asgard Blend-2010	Aspen Assay Library	6/28/2010 (ca.)	North Sea	Norway	49.3632085782117	0.18811968371106	1.27120039120844	0.0104154869091601	32.7281497356902	
Asgard Blend-2011	Aspen Assay Library	4/4/2011 (ca.)	North Sea	Norway	49.2964967058817	0.189557614360651	1.30622022783252	0.0107253440901283	38.6423527786053	
Beatrice-2002	Aspen Assay Library	3/1/2002 (ca.)	North Sea	United Kingdom	51.8829976434311	0.061892906949184	5.1914056861373	0.0415758641601699	83.1977702893894	
Beryl-2011	Aspen Assay Library	1/1/2011 (ca.)	North Sea	United Kingdom	51.7653697340761	0.401637308160041	2.51962586991542	0.214664813166619	48.6445172119269	
Brent blend-2007	Aspen Assay Library	1/1/2007 (ca.)	North Sea	United Kingdom	51.9250817012319	0.406442081989533	2.9632148233634	0.101802576242524	55.3056925421131	
Brent blend-2009	Aspen Assay Library	1/27/2009 (ca.)	Europe	United Kingdom & Norway	51.7848999621196	0.379178051143513	3.02611514077216	0.0999999999999998	56.2924306272679	
Clair-2010	Aspen Assay Library	12/3/2010 (ca.)	North Sea	United Kingdom	56.7826322298351	0.571703437231005	26.4686650757632	0.768599230538856	504.242915315261	
Cormorant, North-2007	Aspen Assay Library	1/1/2007 (ca.)	North Sea	United Kingdom	51.9250817012319	0.406442081989533	2.9632148233634	0.101802576242524	55.3056925421131	
Cormorant, South-2007	Aspen Assay Library	1/1/2007 (ca.)	North Sea	United Kingdom	51.9250817012319	0.406442081989533	2.9632148233634	0.101802576242524	55.3056925421131	
Dunlin-2007	Aspen Assay Library	1/1/2007 (ca.)	North Sea	United Kingdom	51.9250817012319	0.406442081989533	2.9632148233634	0.101802576242524	55.3056925421131	
Ekofisk B-2011	Aspen Assay Library	11/7/2011 (ca.)	North Sea	Norway	51.707109413575	0.188685308580483	3.23379226988306	0.0695255863526726	49.8908739669552	
Emerald-1983	Aspen Assay Library	4/11/1983 (ca.)	North Sea	United Kingdom	57.431843603935	0.750110726684698	121.679670769405	0.101427382946674	27.2171399444007	
Flotta-2007	Aspen Assay Library	1/1/2007 (ca.)	North Sea	United Kingdom	52.519565401615	0.978205058731775	31.2724293461238	0.105812799996519	59.6973254631468	
Forties-2007	Aspen Assay Library	7/1/2007 (ca.)	Europe	United Kingdom & Norway	51.1315049860719	0.565792840184197	2.53465448144353	0.0630045128310925	60.4795732007683	
Forties-2011	Aspen Assay Library	11/4/2011 (ca.)	North Sea	United Kingdom	51.441044657166	0.785562700295086	2.6078373950952	0.0701628138784784	33.3419473357883	
Grane-2012	Aspen Assay Library	7/2/2012 (ca.)	North Sea	Norway	58.6198582331858	0.829630764836376	62.2939331072996	1.79295193354978	49.6516178877687	
Gullfaks-2008	Aspen Assay Library	10/10/2008 (ca.)	North Sea	Norway	52.310714514935	0.264762249175736	3.05354718935981	0.1	40.7291047311433	
Jotun-2005	Aspen Assay Library	1/1/2005 (ca.)	North Sea	Norway	51.0225931155269	0.189460930952849	2.47384706772334	0.0700599002218555	55.8607054082064	
Murchison-2007	Aspen Assay Library	1/1/2007 (ca.)	Europe	United Kingdom & Norway	51.9250817012319	0.406442081989533	2.9632148233634	0.101802576242524	55.3056925421131	
Ninian blend-2007	Aspen Assay Library	1/1/2007 (ca.)	North Sea	United Kingdom	51.9250817012319	0.406442081989533	2.9632148233634	0.101802576242524	55.3056925421131	
Njord-2010	Aspen Assay Library	3/22/2010 (ca.)	North Sea	Norway	49.4331566376306	0.0497379210719223	1.59536988781377	0.01904396832324	42.7361443559297	
Norne blend-2010	Aspen Assay Library	3/1/2010 (ca.)	North Sea	Norway	53.6840186767835	0.202028535340113	4.77642453875351	0.30880990714466	74.9295440242123	
Ormen Lange condensate-2010	Aspen Assay Library	5/3/2010 (ca.)	North Sea	Norway	46.7240963914637	0.00747792758794595	0.950002977075239	0.0257933719550837	-18.6627878836396	
Oseberg-2007	Aspen Assay Library	1/18/2007 (ca.)	North Sea	Norway	52.0189072771559	0.268505537280256	2.77818194488067	0.253049789664187	50.316581098355	
Snohvit condensate-2008	Aspen Assay Library	6/16/2008 (ca.)	North Sea	Norway	45.8735461329686	0.0196100447107117	0.64066977199429	0.00762548036618289	-46.4961909593055	
Statfjord Blend-2010	Aspen Assay Library	6/14/2010 (ca.)	North Sea	Norway	51.4842521257378	0.226074103094403	2.6729164222986	0.0343170867184572	63.5990658660389	
Troll Blend-2010	Aspen Assay Library	1/25/2010 (ca.)	North Sea	Norway	53.4587607659021	0.179662989119601	4.31258094640549	0.538982959656129	55.1289813001826	
Volve-2009	Aspen Assay Library	1/26/2009 (ca.)	North Sea	Norway	54.5441684607689	1.69425580335824	6.98944420208605	0.0215934963146006	58.9888239375323	
Cusiana-2011	Aspen Assay Library	1/3/2011 (ca.)	Latin America	Colombia	50.3662437835261	0.109102079781598	1.69091198786075	0.0114496052685821	43.920480474964	
Galeota Mix-2011	Aspen Assay Library	2/21/2011 (ca.)	Latin America	Trinidad and Tobago	50.4250006815291	0.140136845293582	1.34705025179207	0.230980029625638	0.105648841772698	
Arabian light (Berri)-1983	Aspen Assay Library	4/11/1983 (ca.)	Middle East	Saudi Arabia	52.257196909746	1.11659165990249	3.99689649092377	0.0899999999999999	22.7987894133677	
Arabian medium (Khursaniyah/Abu Safah)-1983	Aspen Assay Library	4/11/1983 (ca.)	Middle East	Saudi Arabia	55.0987377842246	2.77933300671625	10.775039594985	0.0600000000000003	30.0341332531724	
Arabian medium (Zuluf/Marjan)-1983	Aspen Assay Library	4/11/1983 (ca.)	Middle East	Saudi Arabia	54.9958351520164	2.47240752449919	10.7813777311991	0.32	3.03446958041789	
Basrah light-2009	Aspen Assay Library	7/22/2009 (ca.)	Middle East	Iraq	54.3709893654632	2.97589119772547	7.11490361467519	0.0687189532419523	18.9848786121403	
Dubai-2001	Aspen Assay Library	7/18/2001 (ca.)	Middle East	United Arab Emirates	54.5446095732359	2.08245775861813	5.87868762688791	0.0499999999999999	48.7302408110986	
Eocene-2011	Aspen Assay Library	4/20/2011 (ca.)	Middle East	Divided Zone	58.8483672528147	4.99855788483574	85.0774297985944	0.171950445957031	47.0743562971897	
Murban-2007	Aspen Assay Library	6/29/2007 (ca.)	Middle East	United Arab Emirates	51.2676161339216	0.85139649572293	2.60793069447757	0.0231665000366307	38.9592906087554	
Oman Export-2011	Aspen Assay Library	12/20/2011 (ca.)	Middle East	Oman	54.2090877778191	1.70292659225092	6.59687306113188	0.509999999999999	47.0883666175649	
Qatar Marine-2008	Aspen Assay Library	10/1/2008 (ca.)	Middle East	Qatar	53.5475545138351	1.70990757753983	5.47431139469312	0.699999999999999	43.8993686386302	
Saqqara-2011	Aspen Assay Library	4/4/2011 (ca.)	Middle East	Egypt	53.9429862561335	1.4147220217628	6.54784102578636	0.0401981076921023	44.731951526807	
Sharjah Condensate-2011	Aspen Assay Library	11/16/2011 (ca.)	Middle East	United Arab Emirates	44.9778189387573	0.00306627303091716	0.687162192134543	0.00796720880276043	-79.6026839338074	
Syrian Heavy (Souedie)-2009	Aspen Assay Library	1/24/2009 (ca.)	Middle East	Syria	57.1542134323049	4.27134335927715	21.5057519214395	0.039943578995745	20.6739387882171	
Umm Shaif-2000	Aspen Assay Library	4/26/2000 (ca.)	Middle East	United Arab Emirates	52.1448262629155	1.37940472303687	3.13784105238201	0.0340731341500731	34.6799517372161	
Zakum-2000	Aspen Assay Library	11/28/2000 (ca.)	Middle East	United Arab Emirates	51.3091405775205	1.04691023426825	2.54918525920455	0.0329345468475212	41.1851399448533	
Belayim-2009	Aspen Assay Library	1/1/2009 (ca.)	Middle East	Egypt	56.9084516972389	2.74406564545436	662.879726747273	0.192452044231272	85.4357428557995	
Es Sider-2007	Aspen Assay Library	3/12/2007 (ca.)	North Africa	Libya	52.3119167849953	0.358505211724807	3.85632417939514	0.1	66.6192481899367	
Gulf of Suez Mix-2008	Aspen Assay Library	10/22/2008 (ca.)	Middle East	Egypt	53.9430205193846	1.41472201782722	6.54814625379472	0.0401981072087362	44.7319316606816	
Saharan blend-2010	Aspen Assay Library	1/1/2010 (ca.)	North Africa	Algeria	49.8947963406552	0.113138261920605	15.0099085503833	0.0437880765955547	10.8068333382058	
Zarzaitine-2010	Aspen Assay Library	1/1/2010 (ca.)	North Africa	Algeria	50.7912498707983	0.0787321080483984	20.3539905066423	0.0602492466168963	34.6879406652455	
Agbami-2012	Aspen Assay Library	03/21/2012 (ca.)	West Africa	Nigeria	48.9930004073932	0.0427468195916815	1.75466818301378	0.0564855714190855	54.4154526284647	
Bonga-2010	Aspen Assay Library	1/1/2010 (ca.)	West Africa	Nigeria	54.4762119627356	0.228272998234389	22.8881811574054	0.422853758023017	45.4921409593089	
Bonny light-2010	Aspen Assay Library	2/7/2010 (ca.)	West Africa	Nigeria	52.7580674830311	0.148110855095143	3.07465329135611	0.090859134713298	59.3646991869007	
Brass River-2011	Aspen Assay Library	1/1/2011 (ca.)	West Africa	Nigeria	52.1821274584636	0.102422216192415	20.5547917659119	0.231938030942841	43.9436860081447	
Cabinda-2002	Aspen Assay Library	1/1/2002 (ca.)	West Africa	Angola	52.3829180002078	0.178217740664773	11.4944114746251	0.0380212906820594	49.1171352034093	
Mondo B-2008	Aspen Assay Library	5/19/2008 (ca.)	West Africa	Angola	54.5271638319907	0.480932765451476	21.9279742215769	0.29965652633322	19.1388627807889	
Djeno blend-2010	Aspen Assay Library	10/4/2010 (ca.)	West Africa	Congo	55.6118765417765	0.39405572404513	16.1359656996596	0.769999999999999	67.910338191591	
Doba blend-2010	Aspen Assay Library	1/1/2010 (ca.)	North Africa	Chad	57.6660779555193	0.0931432969499652	223.424352520414	4.20247887049449	34.041206541629	
Forcados blend-2010	Aspen Assay Library	8/15/2010 (ca.)	West Africa	Nigeria	54.4225713281354	0.283893103474306	5.67878950752826	0.4	39.9747681410698	
Gimboa-2009	Aspen Assay Library	9/15/2009 (ca.)	West Africa	Angola	56.2964548668879	0.633412332231904	12.5340725459017	0.184910069141165	65.3364392172863	
Kissanje blend-2006	Aspen Assay Library	9/3/2006 (ca.)	West Africa	Angola	54.3267145031951	0.367384358450325	7.3381907825889	0.367899814647155	15.647746068472	
Mandji-2010	Aspen Assay Library	3/18/2010 (ca.)	West Africa	Gabon	54.6701504624349	0.985163788425952	8.48116565546366	0.48	85.9516143716143	
Plutonio blend-2010	Aspen Assay Library	2/18/2010 (ca.)	West Africa	Angola	53.419724269031	0.373278491645151	6.21583175199801	0.096381357883271	58.9025029032223	
Saxi Batuque-2010	Aspen Assay Library	12/8/2010 (ca.)	West Africa	Angola	53.2800936556517	0.259641670850272	5.05261223841503	0.606556506705736	16.799130469123	
Alaska North Slope-2010	Aspen Assay Library	12/4/2010 (ca.)	North America	United States of America	53.7427783653816	0.9475000386662	1.70275077336543	0.101318599519568	29.5688373289956	
Cold Lake blend-2011	Aspen Assay Library	1/1/2011 (ca.)	North America	Canada	57.8386981666405	3.54664314601755	42.6784488454373	0.713523467055657	-15.3853425122901	
Hibernia-2011	Aspen Assay Library	12/12/2011 (ca.)	North America	Canada	53.2770515113341	0.528653758996534	5.46776872160329	0.0400000000000001	67.2652406130065	
Mars blend-1996	Aspen Assay Library	6/10/1996 (ca.)	North America	United States of America	54.8918555604319	2.03931571783452	9.23243276745335	0.423064733457861	455.353156165139	
SCO-1983	Aspen Assay Library	4/11/1983 (ca.)	North America	Canada	54.1342067024122	0.152549851609287	3.89191753385946	0.4225	81.6594459472719	
SCO-1983(1)	Aspen Assay Library	4/11/1983 (ca.)	North America	Canada	52.6310478788822	0.0415352523688092	3.14630962790305	0.4225	70.4093985206612	
Southern Green Canyon Blend-2009	Aspen Assay Library	5/23/2009 (ca.)	North America	United States of America	54.9876549694902	2.27250031038835	9.78523016991976	0.104667176925137	21.2592872593229	
CPC Blend-2012	Aspen Assay Library	5/15/2012 (ca.)	Asia	Kazakhstan	49.7940994442632	0.562934299009672	1.71188440522662	0.040022646965132	42.4327997348907	
Tengiz-2010	Aspen Assay Library	6/8/2010 (ca.)	Asia	Kazakhstan	49.3640308101598	0.505016347482609	1.41465803895638	0.0228162480507472	30.2425097676238	
Alvheim Blend-2011	Aspen Assay Library	11/1/2011 (ca.)	North Sea	Norway	52.7614129335429	0.186906536714761	4.25885283354993	0.215351156381934	17.9916245432415	
Athena-2012	Aspen Assay Library	8/30/2012 (ca.)	North Sea	United Kingdom	56.0698672782623	3.1711586323929	11.5959522725561	0.0213754222227839	75.0621384708971	
Captain-2010	Aspen Assay Library	6/8/2010 (ca.)	North Sea	United Kingdom	58.2463333539069	0.636786620560192	67.6768829315977	1.50600324033842	9.86744446169046	
Draugen-2006	Aspen Assay Library	9/1/2006 (ca.)	North Sea	Norway	51.5837474299381	0.15610151059027	2.33809582965323	0.0511313774530199	35.6199366522328	
Foinaven-2010	Aspen Assay Library	2/19/2010 (ca.)	North Sea	United Kingdom	56.0151267951995	0.395861533238721	19.9155483876943	0.127456332610943	44.5633414821873	
Helm-1998	Aspen Assay Library	1/1/1998 (ca.)	North America	United States of America	55.3429933221071	0.543475262650885	17.7757981589424	0.129832805669012	74.2504808944784	
Jacky-2009	Aspen Assay Library	1/4/2009 (ca.)	North Sea	United Kingdom	51.6546771965873	0.0610591389600898	4.65020657978855	0.0222752172604663	89.9915209672429	
Schiehallion-2010	Aspen Assay Library	10/15/2010 (ca.)	North Sea	United Kingdom	56.3314976721481	0.456780351319999	17.3661552502679	0.271401356161485	64.6977367096449	
Skarv-2010	Aspen Assay Library	1/11/2010 (ca.)	North Sea	United Kingdom	52.4591915962623	0.338850795671626	3.09060059084294	0.0338658323584186	56.9827418997592	
Troll Blend-2013	Aspen Assay Library	8/1/2013 (ca.)	North Sea	Norway	52.9546657636771	0.164595147423843	3.17735792012313	0.550365799810578	29.1433659260395	
Frade-2012	Aspen Assay Library	4/1/2012 (ca.)	Latin America	Brazil	58.2259023554287	0.712956943869071	36.8973657076316	0.843554755358638	34.7081054274743	
Polvo-2009	Aspen Assay Library	2/14/2009 (ca.)	Latin America	Brazil	57.9856530602529	1.13447216350517	48.0257354494172	0.201120828672479	55.2274952603933	
CoCo-2008	Aspen Assay Library	12/4/2008 (ca.)	West Africa	Congo	54.3345398844859	0.148766314165958	11.310978900389	0.0964816708307385	93.8640825240273	
Dalia-2010	Aspen Assay Library	5/26/2010 (ca.)	West Africa	Angola	57.045564981749	0.515364582494566	28.747666184767	1.02849363016696	27.2720348519373	
Girassol-2010	Aspen Assay Library	8/15/2010 (ca.)	West Africa	Angola	54.6557301882737	0.420379287442698	8.97984089627079	0.369982894595114	58.9035076974111	
Hungo-2008	Aspen Assay Library	6/20/2008 (ca.)	West Africa	Angola	54.9102965844346	0.625812017432987	10.3371694344696	0.472862711503253	34.8592825346555	
Pazflor-2012	Aspen Assay Library	4/1/2012 (ca.)	West Africa	Angola	56.0485187401761	0.414061456736412	15.7102732064152	1.12420926427145	41.9776983584152	
Qua Iboe-2013	Aspen Assay Library	9/1/2013 (ca.)	West Africa	Nigeria	52.7192847480556	0.133901460677892	3.26697053313354	0.3617869990007	63.7197831804701	
Saturno Blend-2013	Aspen Assay Library	8/31/2013 (ca.)	West Africa	Angola	55.4213394404475	0.751257858888166	11.4910669588848	0.666507997956914	41.2275729801656	
Usan-2013	Aspen Assay Library	8/1/2013 (ca.)	West Africa	Nigeria	54.3210221149178	0.22785870855577	4.12838639905978	1.11238362771844	28.4915229141788	
Yoho-2008	Aspen Assay Library	1/1/2008 (ca.)	West Africa	Nigeria	51.4273427033215	0.0950735925105241	2.05330872097085	0.26	64.1392939189493	
Poseidon-2009	Aspen Assay Library	1/8/2009 (ca.)	North America	United States of America	54.4960052190329	1.65334175913065	7.18191117885032	0.262225934902762	52.3058335387938	
Thunder Horse-2010	Aspen Assay Library	10/31/2010 (ca.)	North America	United States of America	53.1912052724268	0.729803280873028	4.80994819354247	0.0402879149875877	69.9555071372105	
Belanak-2011	Aspen Assay Library	11/18/2011 (ca.)	Asia	Indonesia	47.679900279581	0.0120861331919602	1.38098328241408	0.0168190431682321	86.794147622886	
Benchamas-2011	Aspen Assay Library	11/29/2011 (ca.)	Asia	Thailand	50.8113298143848	0.0445315627665019	5.54316965564108	0.047286164512781	94.3385269769905	
Bontang Condensate-2010	Aspen Assay Library	7/30/2010 (ca.)	Asia	Indonesia	42.2887209788028	0.000565364509017818	0.334137718083202	0.00157267264793377	-75.5441112729994	
Bozhong-2006	Aspen Assay Library	1/1/2006 (ca.)	Asia	China	59.4067938503853	0.303615253413238	630.917938475048	1.39840883996366	68.4925607935816	
Erawan Condensate-2008	Aspen Assay Library	11/17/2008 (ca.)	Asia	Thailand	46.1891346037245	0.00607091245534757	0.713188881419885	0.00651464425806563	-20.3392162713748	
Malampaya Condensate-2011	Aspen Assay Library	11/21/2011 (ca.)	Asia	Philippines	46.725897599124	0.0276622326972676	0.612896072505235	0.00963376445746245	-55.1429231354648	
Nanhai Light-2007	Aspen Assay Library	12/6/2007 (ca.)	Asia	China	51.4087553350763	0.056430918056342	4.38796983432675	0.039142753749417	98.2603291256037	
Pattani-2011	Aspen Assay Library	10/18/2011 (ca.)	Asia	Thailand	51.891507221527	0.0562408626254917	4.44511757149404	0.0636652831951108	79.5778849421661	
Qin Huang Dao-2012	Aspen Assay Library	2/9/2012 (ca.)	Asia	China	59.5658569665518	0.278232561908265	872.963705710933	1.09979609223121	52.7195153460554	
Sembilang-2006	Aspen Assay Library	1/1/2006 (ca.)	Asia	Indonesia	52.8910956155038	0.0508230755879458	10.4435676498718	0.086396039338835	105.152052795744	
Sepinggan Blend-2010	Aspen Assay Library	2/10/2010 (ca.)	Asia	Indonesia	51.8026935614999	0.154395530378433	11.1068776196954	0.086465314069678	51.6868255058271	
Tantawan-2012	Aspen Assay Library	2/7/2012 (ca.)	Asia	Thailand	50.9169212249094	0.0526665153670122	3.20768442922224	0.0788657171913116	79.0099947536713	
Ratawi-2010	Aspen Assay Library	5/27/2010 (ca.)	Middle East	Saudi-Kuwait Neutral Zone	56.498713220548	4.10383340432763	19.0994967716679	0.0585047804692586	71.7494345039096	
Saxi Batuque-2014	Aspen Assay Library	1/1/2014 (ca.)	West Africa	Angola	53.1179085172087	0.245489750689226	5.17315532158626	0.584094274235818	48.758240682609	
Pennington-2010	Aspen Assay Library	12/8/2010 (ca.)	West Africa	Nigeria	52.662043139343	0.0981437999447815	2.71503843449549	0.0797650053657839	55.0084048473054	
Pazflor-2015	Aspen Assay Library	2/17/2015 (ca.)	West Africa	Angola	56.7329612513967	0.40553343133888	18.8229606238032	0.78910849906356	71.455081035436	
N-Kossa-2010	Aspen Assay Library	7/27/2010 (ca.)	West Africa	Congo	51.4727372256728	0.0588258297731062	2.59936612328892	0.0499999999999997	67.3835173895009	
Mondo-2014	Aspen Assay Library	1/1/2014 (ca.)	West Africa	Angola	54.6625510238915	0.403342833558576	9.21716187469935	0.712105088035779	41.2792924006354	
Forcados blend-2014	Aspen Assay Library	3/1/2014 (ca.)	West Africa	Nigeria	53.9002073286734	0.219367511776747	4.02307877015821	0.451758678122685	65.0561358898983	
Escravos-2012	Aspen Assay Library	3/12/2012 (ca.)	West Africa	Nigeria	53.373545973085	0.167798154938402	4.43860076715785	0.239121575314749	60.8254484436324	
Ebok-2015	Aspen Assay Library	4/1/2015 (ca.)	West Africa	Nigeria	58.0768658337457	0.389290265599135	54.9063213663216	2.82297321983363	37.0649181710845	
Doba blend-2015	Aspen Assay Library	5/1/2015 (ca.)	North Africa	Chad	56.3039723875231	0.0795530979827456	69.1046683124668	2.51590951877724	53.0286598176926	
Bonga-2014	Aspen Assay Library	4/3/2014 (ca.)	West Africa	Nigeria	54.3612487068693	0.225284533449076	5.35993009162098	0.537681115540955	53.1746782951579	
Upper Zakum-2012	Aspen Assay Library	1/1/2012 (ca.)	Middle East	Abu Dhabi	53.1561020627781	1.8412437530519	7.52983377132453	0.127855133476873	41.1074333083425	
Murban-2013	Aspen Assay Library	8/7/2013 (ca.)	Middle East	United Arab Emirates	51.320132001183	0.747103543703418	2.49793093833585	0.0552630865057595	57.6689534553449	
Kirkuk blend-2015	Aspen Assay Library	5/6/2015 (ca.)	Middle East	Iraq	53.0583305497633	2.26017940231257	4.30451397506531	0.0583781918663755	74.7752525508431	
Das Blend-2015	Aspen Assay Library	2/6/2015 (ca.)	Middle East	United Arab Emirates	51.4802328507678	1.13323023974725	3.93850175937357	0.0403378295042019	53.60495724341	
Thunder Horse-2014	Aspen Assay Library	1/1/2014 (ca.)	North America	United States of America	53.9906287136343	0.991527681500736	7.19596355263249	0.08994372342141	50.7136208091298	
Mars blend-2012	Aspen Assay Library	9/12/2012 (ca.)	North America	United States of America	54.9832352268197	1.80517994164454	9.53282135961819	0.351495766209754	78.2223499316765	
HOOPS Blend-2012	Aspen Assay Library	1/1/2012 (ca.)	North America	United States of America	53.9153968149184	1.33973967838289	5.20444239360247	0.302298999536074	30.3877372300739	
Cold Lake blend-2013	Aspen Assay Library	1/1/2013 (ca.)	North America	Canada	58.1010906685134	3.7832524636281	118.682728828274	0.825454008257062	41.4387022491114	
Sapinhoà-2015	Aspen Assay Library	2/3/2015 (ca.)	Latin America	Brazil	54.5246680653857	0.378645166818027	6.79293651144228	0.1984168165667	57.1721009341335	
Lula-2011	Aspen Assay Library	10/14/2011 (ca.)	Latin America	Brazil	54.3559576706049	0.282506112980318	3.3650834175081	0.298976013543216	47.5127746126829	
Iracema-2015	Aspen Assay Library	4/1/2015 (ca.)	Latin America	Brazil	53.8974956890738	0.286454966797423	7.53346662675615	0.161694481577453	226.458379080586	
Sleipner Condensate-2013	Aspen Assay Library	1/1/2013 (ca.)	North Sea	Norway	45.4541988102266	0.0399494653251758	0.849996605804962	0.149480896579142	-43.7593770320635	
Skarv-2015	Aspen Assay Library	5/2/2015 (ca.)	North Sea	United Kingdom	51.1905439869062	0.270632099861461	1.8846923201132	0.0122363577813943	49.8786389906507	
Knarr Blend-2014	Aspen Assay Library	9/10/2014 (ca.)	North Sea	Norway	50.1075180017425	0.071042107768968	2.44037431818306	0.0422752130121028	41.8240196973756	
Foinaven-2013	Aspen Assay Library	12/6/2013 (ca.)	North Sea	United Kingdom	55.7649667994986	0.387697606845705	15.0585876996743	0.113421560747179	45.9311707848971	
Ekofisk-2014	Aspen Assay Library	5/21/2014 (ca.)	North Sea	Norway	51.3332374649123	0.180939010768827	2.86434653648544	0.0709451694643736	72.2029482897017	
Anasuria -2006	Aspen Assay Library	1/1/2006 (ca.)	North Sea	United Kingdom	51.5914827681129	0.313731119419326	2.50379172118352	0.101132986899174	48.7925907873761	
Alba-2012	Aspen Assay Library	1/9/2012 (ca.)	North Sea	United Kingdom	58.3526283741117	1.25432197092469	74.735481797634	0.935661350576212	51.6170126795656	
Thevenard Island-2001	Aspen Assay Library	1/1/2001 (ca.)	Australia	Australia	51.539092160068	0.0322194956310546	2.1145029516629	0.0185309390774089	8.34976654863437	
Cossack-2013	Aspen Assay Library	7/1/2013 (ca.)	Australia	Australia	48.836172728432	0.0344401127750318	1.35105960939338	0.0139396472729661	40.7835569101495	
West Seno-2009	Aspen Assay Library	8/1/2009 (ca.)	Asia	Indonesia	51.5378601499323	0.0887617470996522	1.83880265028393	0.0977836343572146	53.1488931452985	
Terengganu-2011	Aspen Assay Library	1/1/2011 (ca.)	Asia	Malaysia	42.8582888224174	0.00188474939535574	0.386309542385689	0.253	-35.1220827806005	
Sokol-2012	Aspen Assay Library	1/1/2012 (ca.)	Asia	Russia	52.5577931274815	0.273066121461442	2.55687134389528	0.124234822101787	54.3729126591141	
Kutubu-2015	Aspen Assay Library	3/1/2015 (ca.)	Australia	Papua New Guinea	48.9129264379122	0.0279019195087402	1.16807749202246	0.0243801910799457	18.3758287822834	
Bekapai-2014	Aspen Assay Library	3/10/2014 (ca.)	Asia	Indonesia	51.6747608059049	0.0732276061603536	2.01704436064132	0.162982858516455	51.1631891810994	
Troll Blend-2014	Aspen Assay Library	1/1/2014 (ca.)	North Sea	Norway	52.7556917677223	0.172411257694382	3.02182365416999	0.582170720925036	30.4036186903001	
Kearl-2014	Aspen Assay Library	1/1/2014 (ca.)	North America	Canada	57.1168493281642	3.38177951204418	22.0088949024347	1.85977053844205	30.3739857986873	
Azeri Light-2014	Aspen Assay Library	1/1/2014 (ca.)	Middle East	Azerbaijan	52.7528784057941	0.14762131133532	5.21509786042324	0.240490252569376	59.7286272509862	
Zafiro Blend-2014	Aspen Assay Library	1/1/2014 (ca.)	West Africa	Equatorial Guinea	54.5039182343993	0.262414416885342	4.5378686404772	1.41993908984217	37.8852808938652	
Rabi Light-2014	Aspen Assay Library	5/21/2014 (ca.)	West Africa	Gabon	52.8955619884841	0.117167842919339	7.77700090730124	0.0761030347546217	98.706798859603	
Kuito-2008	Aspen Assay Library	11/10/2008 (ca.)	West Africa	Angola	57.4258806541039	0.737439341640313	45.9165552860942	0.669976050753783	80.7934423476744	
Erha-2010	Aspen Assay Library	01/01/2010 (ca.)	West Africa	Nigeria	53.0400687294512	0.158595049002663	3.68013673914274	0.349316550234387	35.8836003765561	
EA Blend -2010	Aspen Assay Library	12/1/2010 (ca.)	West Africa	Nigeria	52.7415180521869	0.0883200224468722	4.9297142664362	0.402456344247534	42.5872911630775	
Clov Blend-2014	Aspen Assay Library	10/30/2014 (ca.)	West Africa	Angola	53.7402446380946	0.270340043838267	5.95079921914663	0.680880029611732	49.853835169907	
Amenam Blend-2011	Aspen Assay Library	9/29/2011 (ca.)	West Africa	Nigeria	51.5414262259539	0.100507012973932	3.46857898989165	0.34	74.8442787753364	
Akpo Blend -2011	Aspen Assay Library	3/13/2011 (ca.)	West Africa	Nigeria	49.5446142244325	0.0691858652975513	2.01582481623795	0.11	45.1786336459419	
Abo-2010	Aspen Assay Library	1/1/2010 (ca.)	West Africa	Nigeria	52.8266981610285	0.153528430517377	16.3381575470497	0.979999999999999	50.7797186795299	
Mellitah-2006	Aspen Assay Library	1/1/2006 (ca.)	North Africa	Libya	51.751751402491	0.135156480677123	16.9475578956658	0.0424471977541393	27.2062981692251	
El Sharara-2003	Aspen Assay Library	8/22/2003 (ca.)	North Africa	Libya	50.2375685709886	0.0700122753582764	1.6628244268591	0.07	23.2254659617197	
Bouri-2006	Aspen Assay Library	1/1/2006 (ca.)	North Africa	Libya	56.2247055107858	1.81095815188818	37.796529262032	0.0989675984747876	75.0969817602086	
Al Jurf-2011	Aspen Assay Library	2/28/2011 (ca.)	North Africa	Libya	54.1843464257415	1.803835513324	4.59582861289124	0.0500000000000001	85.6039716875137	
Algerian Condensate-2013	Aspen Assay Library	9/26/2013 (ca.)	North Africa	Algeria	43.9703093621262	0.00135568863402897	0.664244649079756	0.00450067930999391	-109.157015573562	
Masila-2010	Aspen Assay Library	12/29/2010 (ca.)	Middle East	Yemen	53.139398903898	0.485345519563377	6.7867649169385	0.0600000000000002	30.2039995925126	
Terra Nova-2009	Aspen Assay Library	4/17/2009 (ca.)	North America	Canada	53.5742946419743	0.502911778041063	5.60618957422213	0.0755857348175923	78.9048591626086	
Synbit SHB-2010	Aspen Assay Library	5/27/2010 (ca.)	North America	Canada	59.5566054208409	2.74605256101744	57.3875959501255	1.33	85.3221644584325	
Statoil Cheecham Blend-2011	Aspen Assay Library	12/22/2011 (ca.)	North America	Canada	57.4744376427051	3.58863704690924	22.6046249671311	0.422375572428889	16.2377558573229	
Sable Island -2014	Aspen Assay Library	1/1/2014 (ca.)	North America	Canada	44.8719623714731	0.0015895898146362	0.596119533717631	0.421593240504305	-151.401544364174	
Peregrino-2013	Aspen Assay Library	2/1/2013 (ca.)	Latin America	Brazil	60.6789599927254	2.4553443968991	352.223909150122	0.188789134066278	102.627153571392	
Hidra-2007	Aspen Assay Library	9/4/2007 (ca.)	Latin America	Argentina	48.0605166607422	0.0513775316998918	1.20581326949634	0.27	26.8858001021026	
Calypso-2008	Aspen Assay Library	2/26/2008 (ca.)	Latin America	Trinidad and Tobago	54.3544861238987	0.599815235488515	12.7012692018259	0.242987590658892	45.9794604485395	
Varg-2007	Aspen Assay Library	8/20/2007 (ca.)	North Sea	Norway	51.9136443800994	0.216147919032488	2.97177151789743	0.149772763542764	73.0355887447779	
Triton-2007	Aspen Assay Library	1/1/2007 (ca.)	North Sea	United Kingdom	52.6691930271325	0.322827893108832	3.73969294986503	0.101225478082016	40.7783936449813	
Heidrun-2003	Aspen Assay Library	1/1/2003 (ca.)	North Sea	Norway	55.7381202667832	0.466056232683901	35.0473103488539	2.34545282479001	19.3811384967476	
Gudrun Blend-2015	Aspen Assay Library	1/14/2015 (ca.)	North Sea	Norway	48.1533166858448	0.0668804984786285	0.962677140388775	0.0100605861199508	34.4755717597571	
Senipah Condensate-2013	Aspen Assay Library	12/1/2013 (ca.)	Asia	Indonesia	47.669631926698	0.0241356169573965	1.21898188457542	0.0460987052592321	-50.5022927359769	
Tangguh Condensate-2010	Aspen Assay Library	5/3/2010 (ca.)	Asia	Indonesia	50.1060657858679	0.027664377141837	0.991591350987179	0.0524943768742066	31.8924705289589	
Balder-2013	Aspen Assay Library	1/1/2013 (ca.)	North Sea	Norway	55.4316296652476	0.565983209867035	12.3619976533443	0.149957680022602	58.8523138998371	
Curlew-2008	Aspen Assay Library	1/1/2008 (ca.)	North Sea	United Kingdom	49.4164402219886	0.142338011274714	1.22617199477773	0.100969776147378	55.6312057877482	
F3FB Condensate-1999	Aspen Assay Library	6/7/1999 (ca.)	Europe		44.8267175628886	0.00997337221230368	0.653942180093589	0.0400000000000001	-35.6382946217743	
Seria light-2013	Aspen Assay Library	7/31/2013 (ca.)	Asia	Brunei	51.6133103964897	0.0644442542481092	1.70298018560367	0.206256372271469	40.1614470101845	
Sokol-2015	Aspen Assay Library	1/1/2015 (ca.)	Asia	Russia	52.6635020150891	0.299764702221646	2.71271104669006	0.185008972948855	20.4123188049631	
Gippsland-2014	Aspen Assay Library	1/1/2014 (ca.)	Australia	Australia	47.5250970499511	0.0592864069774482	0.297974900409708	0.0745680474538605	27.5009416639627	
Balder-2014	Aspen Assay Library	1/1/2014 (ca.)	North Sea	Norway	55.4846014922431	0.578728816311658	12.5217665143813	1.14191712416332	58.4271621347675	
Brent blend-2014	Aspen Assay Library	1/1/2014 (ca.)	North Sea	United Kingdom	52.0955011893794	0.40447990983443	4.8077514550084	0.112035841983087	43.0403922545945	
Brent blend-2011	Aspen Assay Library	04/10/2011 (ca.)	North Sea	United Kingdom	47.0141327748912	0.27227415711158	2.28007402695939	0.0114809902311182	60.1957810940561	
Forties-2015	Aspen Assay Library	6/30/2015	North Sea	United Kingdom	51.4600562618646	0.802528369918126	2.61560716541499	0.0706479242890379	79.8429334877313	
Goliat Blend-2015	Aspen Assay Library	3/6/2015 (ca.)	North Sea	Norway	51.1750003297821	0.137090732721642	2.6479642891252	0.0625420015234215	54.8730876710354	
Gullfaks-2015	Aspen Assay Library	12/1/2015 (ca.)	North Sea	Norway	51.3693486787623	0.175277459811446	2.67284835975872	0.0996155924778802	32.5072414069289	
Jotun-2015	Aspen Assay Library	1/1/2015 (ca.)	North Sea	Norway	51.0701910922532	0.179252184827142	2.71768098181758	0.0748516515139991	56.7389256782649	
Norne blend-2015	Aspen Assay Library	7/1/2015 (ca.)	North Sea	Norway	54.7015919260982	0.299601289034557	7.73417966055912	0.196114912785834	82.0204375011369	
Oseberg-2015	Aspen Assay Library	7/30/2015 (ca.)	North Sea	Norway	51.3781474551279	0.211093135313178	2.30623771302413	0.081024971207605	60.3673581770007	
Snohvit condensate-2015	Aspen Assay Library	4/24/2015 (ca.)	North Sea	Norway	45.3032262097345	0.00873587870484509	0.687538325606709	0.0181561942663137	-70.7288397572476	
Triton-2015	Aspen Assay Library	10/1/2015 (ca.)	North Sea	United Kingdom	52.1898084460226	0.392939673452888	3.90715529837097	0.106823268667238	50.7568423960889	
Medanito-2009	Aspen Assay Library	10/14/2009 (ca.)	Latin America	Argentina	53.4712208348233	0.470446581574385	6.53200635080698	0.452429908263338	54.2423341982316	
Hibernia-2015	Aspen Assay Library	12/1/2015 (ca.)	North America	Canada	52.9167667265041	0.440327583214978	4.74118655313822	0.0686465924159157	67.6552378849818	
Terra Nova-2014	Aspen Assay Library	1/1/2014 (ca.)	North America	Canada	53.8145157553561	0.530995958105178	3.86380185422568	0.0302178754372584	81.3522438151509	
Oman Export-2013	Aspen Assay Library	11/5/2013 (ca.)	Middle East	Oman	54.1621076759749	1.47263691713784	10.1854880673709	0.0864549803179815	59.7959509346899	
Gulf of Suez Mix-2015	Aspen Assay Library	8/24/2015 (ca.)	Middle East	Egypt	54.6575371931846	1.65899431201053	9.22785704304583	0.0594820069315745	97.8780408398871	
Bonga-2015 - 1	Aspen Assay Library	10/27/2015 (ca.)	West Africa	Nigeria	54.6566106726838	0.248274147331241	6.98671480123562	0.469828263667372	50.4483195607673	
Dalia-2011	Aspen Assay Library	8/15/2011 (ca.)	West Africa	Angola	57.3412668808464	0.522592481187232	34.9485215689851	1.20526691111416	53.8380684950453	
Girassol-2015	Aspen Assay Library	2/9/2015 (ca.)	West Africa	Angola	54.4512784342882	0.343504896397797	9.66023409539949	0.316854830012008	66.1990835767833	
Kissanje blend-2014	Aspen Assay Library	4/3/2014 (ca.)	West Africa	Angola	54.1071661161968	0.423289712911656	6.61763767848115	0.348438413696674	63.4814204420467	
Nemba-2014	Aspen Assay Library	10/14/2014 (ca.)	West Africa	Angola	52.3535645202465	0.277134222532504	2.89876255708241	0.0518708757557872	85.1577098860234	
Rabi Light-2015	Aspen Assay Library	4/29/2015 (ca.)	West Africa	Gabon	53.3207763753775	0.13924699431259	10.267028869737	0.0923534416486926	97.5064642737141	
Azeri (Ceyhan)-2015	Aspen Assay Library	10/1/2015	Middle East	Azerbaijan	52.4520848117784	0.147171463785643	4.02958304834593	0.248136841734887	70.6696265545363	
Tangguh Condensate-2015	Aspen Assay Library	6/8/2015	Asia	Indonesia	49.4627918971767	0.0149441091842124	0.955002136138729	0.0616480934001687	41.2319402310333	
Asgard Blend-2016	Aspen Assay Library	6/10/2016	North Sea	Norway	47.5216533182901	0.0928696204456985	0.934914461385145	0.0055461477996259	14.8434352693609	
Oseberg-2016	Aspen Assay Library	5/24/2016	North Sea	Norway	51.4126819882543	0.214004617383417	2.51401689353131	0.0865202466669779	57.0014420661336	
Skarv-2016	Aspen Assay Library	6/10/2016	North Sea	United Kingdom	50.5556269129649	0.21710781947352	1.87440433513828	0.0122912151041992	42.1935428092347	
Thunder Horse-2015	Aspen Assay Library	6/12/2015	North America	United States of America	53.7633150042518	0.902279061897543	5.90697696125327	0.0628085361855357	102.72432059717	
HOOPS Blend-2015	Aspen Assay Library	1/1/2015	North America	United States of America	53.3188750423265	1.17011802991175	5.83661606435594	0.910554903135781	39.4414431025113	
Oso Condensate -2016	Aspen Assay Library	1/1/2016	West Africa	Nigeria	48.9372772302276	0.0308276607323351	1.19509299754718	0.122619417255935	45.4631546706098	
Usan-2015	Aspen Assay Library	1/1/2015	West Africa	Nigeria	54.7951553888631	0.258006763998836	7.42228784064149	1.28928731471605	39.2709827031955	
Banyu Urip-2017	Aspen Assay Library	6/1/2017	Asia	Indonesia	53.9247667805883	0.306267796350843	5.71692669256693	0.048222500785969	89.4277902903196	
Jotun-2017	Aspen Assay Library	2/24/2017	North Sea	Norway	51.0243477274076	0.173069290184743	2.44072810320475	0.0376308022066984	37.5761092033367	
Bakken-2017	Aspen Assay Library	2/8/2017	North America	United States of America	50.2907813354274	0.0721849907606937	3.12956417867195	0.186789091521301	30.2995958562242	
Cascade Chinook Blend-2013	Aspen Assay Library	1/13/2013	North America	United States of America	56.4301526747731	2.80874950348276	35.5287613513966	0.261413441902543	85.9619066058478	
Eagle Ford Chem Grade-2017	Aspen Assay Library	7/18/2017	North America	United States of America	45.7180173374456	0.00459765032486955	0.882500519694543	0.00964067712644044	-52.3937998842022	
Eagle Ford Gen Grade-2017	Aspen Assay Library	7/18/2017	North America	United States of America	49.0771068557753	0.0928962060697798	3.51911480366156	0.0444454351549791	8.64478454589589	
Agbara-1982	Aspen Assay Library	10/21/1981	West Africa	Nigeria	53.0033862351009	0.126184315258615	3.41510394057389	0.23771885481438	46.742033037218	
Al Jurf-2010	Aspen Assay Library	7/23/2010	North Africa	Libya	54.3660273838994	1.81136965988366	6.01649559159566	0.0441603647633439	80.1240004578517	
Bach Ho (White Tiger)-1988	Aspen Assay Library	6/10/1905	Asia	Vietnam	53.4356053083092	0.0961440143032391	14.0130533821203	0.0778569269722233	812.938197377862	
Bai Hassan Blend-1976	Aspen Assay Library	5/29/1905	Middle East	Iran	53.006733846076	2.39443254775982	4.10407966325992	0.0714044796365255	51.5542114055946	
Basrah Heavy-1976	Aspen Assay Library	5/29/1905	Middle East	Iraq	57.0408984044963	3.74249489411476	16.7806833495056	0.131571089642164	65.1092152571777	
Athabasca Bitumen-2006	Aspen Assay Library	2/11/2006	North America	Canada	64.0142157763994	4.50970388165807	410218.68923403	2.917	22.4938021340443	
Ceuta-1980	Aspen Assay Library	6/2/1905	Latin America	Venezuela	55.7365015136004	1.39679245719627	9.93076810783356	1.09733662598094E-12	470.208076093823	
Libyan Condensate-1989	Aspen Assay Library	6/11/1905	North Africa	Libya	42.1154453198283	0.00603051720500316	0.670396020963251	0.0239359590578753	-165.041369978417	
El Alamein-1987	Aspen Assay Library	6/9/1905	Middle East	Egypt	50.4275691325532	0.402131537798425	2.07320371994335	0.0797825207688329	40.4695218186793	
El Salam-1987	Aspen Assay Library	6/9/1905	Middle East	Egypt	49.6669356593057	0.0601409798929726	1.63875207925634	0.0166772428631014	56.9726266839859	
Fiumetto Condensate-1986	Aspen Assay Library	6/8/1905	Europe	Italy	46.6042750410669	0.056562624235984	1.21340756179031	0.0683269427497407	-65.6337419064796	
Gamba-1984	Aspen Assay Library	6/6/1905	West Africa	Gabon	54.211814250224	0.101970214957012	17.1838676758616	0.17124226433415	86.9327195232685	
Gianna-1984	Aspen Assay Library	6/6/1905	Europe	Italy	63.6883869845047	7.81164521908155	1238.05696338558	2.35	75.5436750052754	
Giaurone-1991	Aspen Assay Library	6/13/1905	Europe	Italy	61.1131395393843	7.65380034002901	164.692178755371	0.747665674659109	16.2574077328515	
HZ-1986	Aspen Assay Library	6/8/1905	Asia	China	49.2432136333027	0.0142982325217791	1.97628299932688	0.0299999999999998	92.0993831613199	
Kitan-2008	Aspen Assay Library	6/30/1905	Asia	Indonesia	46.2138024362839	0.0467477989958141	0.837715986267678	0.00555147316049945	-115.676886641737	
Kole Blend-1985	Aspen Assay Library	6/7/1905	West Africa	Cameroon	53.6504814262581	0.320289930457943	8.53207611858567	0.0964016249976029	56.7248047289903	
Lamar-1980	Aspen Assay Library	6/2/1905	Latin America	Venezuela	51.6506024554935	0.821917303774997	4.17159012011761	0.0406985529887289	35.5767502920641	
Libyan B1NC41-1977	Aspen Assay Library	5/30/1905	North Africa	Libya	55.1033321447928	1.67912991106704	10.3761881014948	0.0198611687592675	17.7744236804573	
Meleiha-1987	Aspen Assay Library	6/9/1905	Middle East	Egypt	50.9603826768148	0.0839402129061784	2.33321988024224	0.0702384254730046	72.7124099707457	
Nembe Creek-1978	Aspen Assay Library	5/31/1905	West Africa	Nigeria	53.4966713682318	0.10304804144062	5.46904988598571	0.0887068824305365	58.8623723757407	
Nigeria Medium-1979	Aspen Assay Library	6/1/1905	West Africa	Nigeria	56.0469049274144	0.209453744346694	7.58457647888836	0.53	80.107371756991	
Pitangueira-1985	Aspen Assay Library	6/7/1905	West Africa	Angola	51.5218810619392	0.115918776288429	2.94640431899005	0.0561999599165222	63.9216563624247	
Rostam-2000	Aspen Assay Library	6/22/1905	Middle East	Iran	49.6821919258668	1.41921391875261	2.49796630788778	0.839842099915585	38.8422854057726	
Rumaila North-1977	Aspen Assay Library	5/30/1905	Middle East	Iraq	53.0604930474855	1.91497898737747	4.75011051980584	0.0588617885525097	32.3426416700953	
Rutbah-1986	Aspen Assay Library	6/8/1905	Middle East	Syria	52.6785335619151	0.528321838470175	6.24136690215046	0.139187914364818	16.4171140817576	
Safueiro-1986	Aspen Assay Library	6/8/1905	West Africa	Angola	50.0584545224361	0.0587693249287968	3.06668323458694	0.0600000000000001	541.246050010303	
San Salvo Condensate-1987	Aspen Assay Library	6/9/1905	Europe	Italy	43.2854488861641	0.122182360742459	0.519892802444719	0.0030355181660508	-149.293137083877	
Sassan (Salmon)-1975	Aspen Assay Library	5/28/1905	Middle East	Iran	53.3403975282522	1.9404978483688	24.5697921499378	0.0489518422132486	41.0123252358644	
Sumatran Heavy (Duri)-1989	Aspen Assay Library	6/11/1905	Middle East	Iran	57.5837323969089	0.20852306985549	367.168693402305	1.15795868884781	84.3354062423678	
Tia Juana-1981	Aspen Assay Library	6/3/1905	Latin America	Venezuela	56.8776986307167	1.69300070673418	34.7789277761278	0.843147910947894	38.2973522625428	
Zaire-1987	Aspen Assay Library	6/9/1905	West Africa	Zaire	53.9273372347091	0.108811065235055	10.9415022113972	0.176232163467293	83.9191520074638	
Zatchi-1986	Aspen Assay Library	6/8/1905	West Africa	Congo	56.862426457788	0.237386502268807	51.0281962713188	0.670000000000001	758.836716150608	
Lac Kitina Bitumen-2009	Aspen Assay Library	11/5/2009	West Africa	Congo	64.3115557304256	14.1837698858363	1221133.48122874	4.39136875351554	186.69850210389	
Cakran-1998	Aspen Assay Library	10/8/1998	Europe	Albania	55.4958525406648	2.93983111222305	9.26115193003561	0.296475908069668	58.6609981093276	
Heidrun-2010	Aspen Assay Library		North Sea	Norway	56.2983867733637	0.531033958413933	8.20449975597224	2.93034577292941	28.099706319582	
Karachaganak Condensate-1997	Aspen Assay Library	6/2/1997	Asia	Kazakhstan	48.0303500595267	0.666318916303723	1.29652959808614	0.0991482818671832	28.1371656509112	
Levan-1997	Aspen Assay Library	11/30/1996	Middle East	Iran	53.1033491511958	1.90018143738895	4.6267007994434	0.0792551801205936	66.1819923341206	
Limande-1998	Aspen Assay Library	6/27/1998	West Africa	Gabon	56.467248714911	2.31120973636571	32.7520408637523	0.749159348668879	100.925273584869	
Marlim-1997	Aspen Assay Library	9/26/1996	Latin America	Brazil	58.1318277805524	0.745076736068905	73.3418660871235	1.17901818649715	92.6949773933217	
Masila-1998	Aspen Assay Library	2/26/1998	Middle East	Yemen	53.8462429595992	0.493359451184988	6.79528248600904	0.103586533146751	74.0380396129474	
Mesa Furrial Blend-1998	Aspen Assay Library		Latin America	Venezuela	54.5102210159108	1.08294342679944	7.22095629524377	0.104038212087251	70.6583094384478	
Murzuk Basin-1998	Aspen Assay Library	10/21/1997	North Africa	Libya	51.9922113701125	0.141146254890621	3.10977137088312	0.0717786323187512	52.7336204915188	
Seme-1998	Aspen Assay Library	7/13/1998	West Africa	Benin	57.2510996138093	0.421702643456027	43.4444446801134	0.214544140079757	79.5354639702696	
Uzen-2001	Aspen Assay Library	7/16/2001	Asia	Kazakhstan	54.6553913444008	18.3425813258305	27.0114373129592	0.286452732452248	109.415915217477	
Wafa-1998	Aspen Assay Library		North Africa	Libya	51.2714756261544	0.0443581923465792	3.69964213119477	0.067018628533575	46.7807391333986	
Zaafarana-1998	Aspen Assay Library	3/29/1998	Middle East	Egypt	57.0724318445911	3.66905372092697	28.6297285424344	0.111409438076031	89.9680243452068	
Abo-2011	Aspen Assay Library	7/7/2011	West Africa	Nigeria	52.6683601807399	0.150374632166766	2.99043946829421	0.801631664042507	49.1173293625891	
Achinsk-2015	Aspen Assay Library	4/20/2015	Asia	Russia	57.8358408003762	24.6067858573689	57.2992918615153	0.121041644902212	88.0054357027645	
Aghar-2009	Aspen Assay Library	7/21/2009	Middle East	Egypt	55.5060134787016	1.84721677961004	11.9430594416354	0.281085009349757	96.934369038961	
Albacora Leste-2009	Aspen Assay Library	12/11/2008	Latin America	Brazil	58.094820683825	0.565706997863399	72.651555368675	1.78668088021993	52.5199678730939	
Arabian Heavy-2006	Aspen Assay Library	2/7/2006	Middle East	Saudi Arabia	55.1333907551991	2.90432348792236	10.8133382541382	0.138634455762784	153.362456654539	
Asgard-2010	Aspen Assay Library	6/7/2010	North Sea	Norway	49.7895829042	0.22251170142501	1.62580916916886	0.0643471135786547	57.26779270723	
Asgard Blend-2008	Aspen Assay Library	8/14/2008	North Sea	Norway	48.1194757886722	0.0853833018238443	1.14938710437956	0.0192194494730691	55.1086685572753	
Awa-2006	Aspen Assay Library	7/13/2006	West Africa	Congo	53.6546364499297	0.117796981437051	9.62377282955693	0.259888929789411	117.940020571205	
Azeri (BTC)-2012	Aspen Assay Library		Middle East	Azerbaijan	52.1518555268309	0.13226112017893	3.93001495004385	0.339034805802795	76.8562285401211	
Azeri (Batumi)-2009	Aspen Assay Library	9/1/2009	Middle East	Azerbaijan	52.7317342486398	0.153705496959801	5.13364721217688	0.33838896520205	73.5097153479891	
Azeri Light (Supsa)-2010	Aspen Assay Library	3/25/2010	Middle East	Azerbaijan	52.8115231888666	0.140562345143488	5.43517771267862	0.361551256267347	70.0054380554394	
Bahregan-2003	Aspen Assay Library	5/22/2003	Middle East	Iran	55.1568823983155	1.50954472925439	9.64663673296996	0.0678092329673545	44.2354476776436	
Baraka-2008	Aspen Assay Library	8/21/2008	North Africa	Tunisia	50.3707970565711	0.158822021880411	1.84490469325493	0.121873797629921	39.496432308622	
Basrah Light-2007	Aspen Assay Library	2/16/2007	Middle East	Iraq	54.2788084160843	2.67588480613648	6.85971917938731	0.141256739786558	57.1374278604835	
Belayim Blend-2009	Aspen Assay Library	11/3/2008	Middle East	Egypt	56.7411751622323	3.52354338080902	26.6404001436263	0.199229229562981	95.4708184011595	
Belayim Land-2013	Aspen Assay Library	11/19/2012	Middle East	Egypt	57.6652225921842	3.6018486321978	53.8984870125981	0.219736338607036	93.5032293954733	
Belayim Marine-2013	Aspen Assay Library	11/19/2012	Middle East	Egypt	55.1056692521271	2.35638925917826	11.3410179142011	0.136270496299905	122.265401527905	
Bonga-2012	Aspen Assay Library	11/5/2012	West Africa	Nigeria	54.3616353257334	0.240643507182522	5.19809746883404	0.546903761238724	57.6020970548381	
Bouri-2012	Aspen Assay Library	1/24/2012	North Africa	Libya	55.9993928624061	1.76381532047237	13.8695523710068	0.058379836223689	91.2767661473277	
Bouri-2013	Aspen Assay Library	5/7/2013	North Africa	Libya	54.9931274788655	1.64307793302224	7.82381316049678	0.0753597479685479	78.4459770971422	
Brent-2011	Aspen Assay Library	5/29/2011	North Sea	United Kingdom	51.6235959175084	0.341209682669903	2.86190764136811	0.0416722539686336	80.6746361978218	
Cascina Cardana-2008	Aspen Assay Library	6/17/2008	Europe	Italy	51.0356585300799	0.239066466629949	3.07639368351778	0.0564543539815253	45.4481135642034	
Cerro Falcone-2008	Aspen Assay Library	10/10/2008	Europe	Italy	53.4194437352575	2.13324706775058	3.55832891596443	0.0455868986965322	68.7306774526831	
Cerro Negro-2001	Aspen Assay Library	9/6/2001	Latin America	Venezuela	59.4095216487569	2.81488511125017	124.166823281525	1.26462884547781	63.4792142599377	
Corocoro-2006	Aspen Assay Library	7/27/2006	Latin America	Venezuela	56.273521682945	2.36974861873798	20.425953997116	0.207368254419832	64.2347054028018	
CPC Blend-2009	Aspen Assay Library	3/4/2009	Asia	Kazakhstan	49.9875093838271	0.501213129574451	1.87988649290948	0.0948610802855919	53.4748607774324	
Dalia-2009	Aspen Assay Library	1/20/2009	West Africa	Angola	57.1685308081365	0.510912292476078	33.4498667860916	1.61170021093132	29.0840579929523	
Damborice-2001	Aspen Assay Library		Europe	Czech Republic	53.6866797418227	0.123526575039033	5.79757488494352	0.31277143898566	74.2450277407989	
Djeno-2012	Aspen Assay Library	6/17/2012	West Africa	Congo	55.3151581847933	0.509421520349519	16.7623359443868	0.712139390302727	73.6848377111241	
Dubai-2007	Aspen Assay Library	9/10/2007	Middle East	United Arab Emirates	54.5108918970432	2.45389170844783	6.62105208905115	0.0552685537590152	60.3280713337926	
EA Blend-2010	Aspen Assay Library	3/11/2010	West Africa	Nigeria	52.5500516258408	0.0867595408606274	2.85935328601365	0.186756423215032	46.7607725002185	
Ekofisk A-2011	Aspen Assay Library	3/6/2011	North Sea	Norway	51.7186488017957	0.195498796539131	3.14925596402005	0.100074680322217	62.9987208289109	
El Feel (Elephant)-2013	Aspen Assay Library	11/23/2012	North Africa	Libya	51.8562455467091	0.143311830882479	3.14471986527134	0.0492475564130608	47.1016980708466	
El Sharara-2012	Aspen Assay Library	6/6/2012	North Africa	Libya	50.4730811979961	0.0815934785851523	2.07393164801107	0.0424176441374177	21.5486997566333	
El Sharara Blend-2004	Aspen Assay Library	8/25/2004	North Africa	Libya	50.461423263186	0.100125104029999	2.06885652355619	0.102197465621635	24.9609520513504	
Emeraude-1999	Aspen Assay Library	2/12/1999	West Africa	Congo	55.463038707407	0.20769349610395	24.2581208099358	0.468342914377166	119.104916608826	
Energia-2009	Aspen Assay Library	12/12/2008	West Africa	Nigeria	49.3948946739155	0.0607930822629645	1.61332946916233	0.0744540902778597	72.1350112595163	
ERHA-2012	Aspen Assay Library	2/10/2012	West Africa	Nigeria	52.738763517911	0.158260235095579	3.34515956636658	0.293757058529588	57.3482036730421	
Es Sider-2012	Aspen Assay Library	5/9/2012	North Africa	Libya	52.4592621563444	0.42147705034769	4.3699155578028	0.115368186127015	89.3710896016741	
Escravos Light-2000	Aspen Assay Library	6/7/2000	West Africa	Nigeria	52.8971187198111	0.143190714147463	3.76844186061814	0.518073194611651	67.4982221541092	
Espoir-2010	Aspen Assay Library	7/23/2010	West Africa	Ivory Coast	54.0345358592661	0.298654584246327	6.23980964171008	0.111681937359858	66.3452399423643	
Es Sider-2013	Aspen Assay Library	1/23/2013	North Africa	Libya	52.4148939908845	0.426306891602579	4.42353894576702	0.0815967379717003	100.574989214851	
Flotta-2008	Aspen Assay Library	10/2/2008	North Sea	United Kingdom	52.2599048213417	1.03419205741324	3.12829881875074	0.0971574544998418	69.6133365703332	
Foroozan (Fereidoon)-2006	Aspen Assay Library	6/8/2006	Middle East	Iran	54.7265885378456	2.35118261864129	8.150777702174	0.268183780284554	56.3607643262645	
Gaggiano-2001	Aspen Assay Library	2/22/2001	Europe	Italy	52.1085950825905	0.648894436865283	3.42011365200363	0.0358022932076322	41.6914290716577	
Gullfaks-2012	Aspen Assay Library	6/7/2012	North Sea	Norway	51.955432334379	0.263227472573536	2.95817941796379	0.112109138111989	58.5312096828643	
Hungo Blend-2007	Aspen Assay Library	1/22/2007	West Africa	Angola	54.7090455605046	0.632524271264082	9.24333048752797	0.51278791487999	70.9058266996047	
Iranian Heavy-2012	Aspen Assay Library	6/5/2012	Middle East	Iran	54.497742444097	2.49611252343247	7.41566433057316	0.0958221233506341	64.895583687181	
Iranian Light-2010	Aspen Assay Library	5/25/2010	Middle East	Iran	53.3067170077949	1.63515526748166	5.03183470238735	0.0685450742703842	68.743634823705	
Irminio-2007	Aspen Assay Library	5/21/2007	Europe	Italy	53.7830562227284	0.811048915945824	7.00206170073756	0.0673803266324385	86.8517446869273	
Isis-2002	Aspen Assay Library	2/1/2002	North Africa	Tunisia	52.4895025926229	0.26667690727764	4.39657115412069	0.031791750989593	67.4576276364008	
Isthmus-2010	Aspen Assay Library	9/13/2010	Latin America	Mexico	53.6884093599336	1.75505800337692	5.3502018577668	0.0767584822891784	54.6450079231253	
Kairan-2008	Aspen Assay Library	4/8/2008	Asia	Kazakhstan	50.3963374095194	0.767651417172964	1.87779759216752	0.121665669111255	49.0896867269403	
Kalamkas-2008	Aspen Assay Library	11/6/2007	Asia	Kazakhstan	54.0627135531297	2.06344761228209	5.478348717276	0.0754244020104168	59.4162290894631	
Kashagan-2008	Aspen Assay Library		Asia	Kazakhstan	49.7671938006314	0.598389317964623	1.78481847069128	0.0585659678609771	51.545675246017	
Kazan-2011	Aspen Assay Library	8/3/2011	Asia	Russia	52.1370668037738	0.55677849709691	3.78123978405285	0.108234983919577	80.0226123306198	
Kenkiyak-2001	Aspen Assay Library	4/24/2001	Asia	Kazakhstan	50.6747059267088	0.530658818885703	2.20194642723964	0.100017044682985	52.8584673283755	
Khafji-2004	Aspen Assay Library	11/24/2004	Middle East	Kuwait	55.2647181187902	3.44721186595011	10.9221488019795	0.228230927745336	59.8555654280915	
Kingfisher-2009	Aspen Assay Library	10/5/2009	Africa	Uganda	54.3662947879653	0.125988213904048	24.8855921373895	0.273850461717484	113.719470279393	
Kirkuk-2011	Aspen Assay Library	6/7/2011	Middle East	Iraq	53.962641349201	2.60949824476634	6.06214514777282	0.0929927144677875	58.98640095444	
Kissanje Blend-2011	Aspen Assay Library		West Africa	Angola	54.1747546087306	0.369814024130733	6.25208738954929	0.47455436645889	60.6470674259215	
Kitina-2002	Aspen Assay Library		West Africa	Congo	52.0504612365708	0.0975425497311532	4.26043184839546	0.0866981860485784	74.9298547973178	
Ku Maloob Zaap-2007	Aspen Assay Library	9/17/2007	Latin America	Mexico	61.5392165677281	5.091297321189	8368.74963605127	0.0695957589232807	112.65449965114	
KNK-2000	Aspen Assay Library		Asia	Russia	55.5842760832792	0.290253919606274	25.4589118219618	0.211790216380043	81.8663859334193	
Kobbe-2007	Aspen Assay Library	12/22/2006	North Sea	Norway	49.8810491359208	0.0452583402033971	2.17568690806897	0.0432926312411823	67.3156858641281	
Kuito-2000	Aspen Assay Library		West Africa	Angola	58.5018404194802	0.668656144434473	66.5535898179537	2.05266657770485	71.3653678598535	
Kumkol-2012	Aspen Assay Library	12/13/2011	Asia	Kazakhstan	51.5507391839536	0.1772096630316	4.15102889399955	0.0957858402646918	91.6152990853531	
Likouala-2006	Aspen Assay Library	7/13/2006	West Africa	Congo	53.8292069818888	0.114774911474118	10.2561929559528	0.204925712958513	90.8681956825442	
Liverpool Blend-2011	Aspen Assay Library	10/13/2010	North Sea	United Kingdom	50.0824964782524	0.232786701310261	2.39259205369437	0.0839167353234504	93.4696095615126	
Lokele-2000	Aspen Assay Library	8/11/2000	West Africa	Cameroon	57.9775666260796	0.388961600436045	40.5177529286044	2.47151769777317	66.9499521974241	
Mandji-2013	Aspen Assay Library	4/23/2013	West Africa	Gabon	54.7771324008161	1.02049150176788	11.776442531178	0.448509421003046	87.7718233271269	
Maya-2010	Aspen Assay Library	10/5/2010	Latin America	Mexico	57.3659579425218	3.71589681180819	20.0216805811018	0.104012274722802	89.4365216188059	
M'Boundi Blend-2009	Aspen Assay Library	2/16/2009	West Africa	Congo	51.5230826769342	0.0383409847687216	4.86589697395025	0.135217052659218	106.035929008554	
Mellitah Blend-2006	Aspen Assay Library	8/3/2006	North Africa	Libya	50.706056160547	0.136933733144597	2.62802172374547	0.0467108209031098	40.6197501156579	
Merey-2009	Aspen Assay Library	2/4/2009	Latin America	Venezuela	59.4243676828542	2.55697777805289	169.55716745323	0.979552062595578	92.8745372405991	
Mondo A-2008	Aspen Assay Library	9/17/2008	West Africa	Angola	54.4491322269248	0.444299231546179	7.79087922444979	0.586734318692598	56.2843325316795	
Monte Alpi-2009	Aspen Assay Library	9/15/2009	Europe	Italy	51.8392313002393	2.25511104795259	2.46752914851528	0.0379536243295998	54.0279600295156	
Nanhai Light-2006	Aspen Assay Library	10/12/2006	Asia	China	51.9408377251824	0.0575009206752732	4.40067830144894	0.208545818851829	107.340507602746	
Nemba-2007	Aspen Assay Library	12/5/2006	West Africa	Angola	51.2171790598143	0.200589129661159	2.87397613746876	0.113887711521655	104.176857132384	
Nigerian Brass Umutu-2007	Aspen Assay Library	9/19/2007	West Africa	Nigeria	49.3897620525226	0.0459418894424776	1.59989690679535	0.0677156636725156	74.0601818435464	
Nigerian Brass-2012	Aspen Assay Library		West Africa	Nigeria	51.3409240995481	0.108219588913573	2.05894445074743	0.189716428537735	54.7554498093881	
Nigerian Forcados-2012	Aspen Assay Library		West Africa	Nigeria	54.4962719539421	0.188744525037907	5.25930241616265	0.39558611748181	54.6800093012091	
Nile Blend-1999	Aspen Assay Library	3/4/1999	North Africa	Sudan	53.0457132194559	0.0451182683359059	17.3446290041647	0.200968459280735	99.7213981842976	
N'Kossa-2013	Aspen Assay Library	10/29/2012	West Africa	Congo	51.0835455315713	0.0667624002019355	3.51152737028501	0.0846273485842846	77.8940239242197	
Norne-1999	Aspen Assay Library	9/3/1999	North Sea	Norway	53.494394744627	0.199590125001187	5.40909216076999	0.0613666389221752	84.3591223977232	
Nowrooz-2006	Aspen Assay Library	1/24/2006	Middle East	Iran	57.6187944793553	3.8830373248136	41.2892125275389	0.897779298084882	86.3903886475287	
Obodugwa-2009	Aspen Assay Library		West Africa	Nigeria	50.1543425146322	0.0508507326501505	1.74157856936	0.0705323916729531	69.7971350698162	
Oguendjo-2003	Aspen Assay Library	1/21/2003	West Africa	Gabon	54.6776992266443	1.50305722049681	11.4206201879968	0.686291018807843	82.6862351623907	
Okarem-2005	Aspen Assay Library	10/11/2005	Asia	Kazakhstan	52.9166321597099	0.277602735787848	5.24691318609466	0.189667455247909	94.9844220541119	
Olmeca-2011	Aspen Assay Library	8/1/2010	Latin America	Mexico	51.6597911782944	0.900015041288762	2.69600689054364	0.0345141565961922	51.1011478210153	
Oriente-2000	Aspen Assay Library		Latin America	Ecuador	56.5341141032633	1.81376746040582	24.8159910178303	0.120000197560363	90.8760782665008	
Oseberg-2008	Aspen Assay Library	10/15/2008	North Sea	Norway	51.8664647842072	0.301569436813519	3.20173039073716	0.264084149368134	61.6585436738074	
Ouedzar-2010	Aspen Assay Library		North Africa	Tunisia	50.4843905598428	0.078775692674293	2.69648455075691	0.0460667497530967	56.3561201309312	
Oyo-2007	Aspen Assay Library	6/24/2007	West Africa	Nigeria	52.2188291751858	0.101809603998006	2.24916128654227	0.31784341908596	48.4104923456941	
Oyo-2010	Aspen Assay Library	10/5/2009	West Africa	Nigeria	52.9543100080468	0.105698618985793	2.52460708468433	0.381175569999973	33.8772027238935	
Oyo-2010 - 1	Aspen Assay Library	9/17/2009	West Africa	Nigeria	55.2967055387736	0.155324680909951	5.85732105110474	0.317427236815895	28.7322726390477	
Oyo-2011	Aspen Assay Library	11/25/2010	West Africa	Nigeria	53.4962664446001	0.124480501073279	3.0804609338366	0.385170891375726	30.8419216598165	
Palanca-2002	Aspen Assay Library	1/13/2002	West Africa	Angola	52.1984498562721	0.179870375612663	3.73986525372379	0.0360159393219408	55.9704128653148	
Ponte Dirillo-2010	Aspen Assay Library		Europe	Italy	60.5415262806525	6.42533027066589	644.299229595495	3.78644002976742	87.6899626308318	
PZ Light-2001	Aspen Assay Library		Latin America	Venezuela	55.475550877945	2.14296372598464	7.89421750474551	1.38991245719854	12.4602850114329	
Rag-2004	Aspen Assay Library	11/18/2003	Europe	Austria	52.8774863314258	0.204395958743982	4.70272421286629	0.0956971705578476	88.4891852400545	
Ras Budran-2009	Aspen Assay Library	10/6/2009	Middle East	Egypt	56.7174986679294	2.82937851561733	23.7893314205376	0.101503796038538	89.1323592627957	
Ras Ghara-2010	Aspen Assay Library		Middle East	Egypt	53.7747690169209	1.86989489091124	5.71899411207861	0.43665421478735	118.564223722509	
Ras Gharib Blend-2008	Aspen Assay Library	7/25/2008	Middle East	Egypt	56.2696639133858	3.90607641904364	19.4150629261489	0.158067939591236	95.3860288208974	
Rhemoura-2012	Aspen Assay Library	8/25/2012	North Africa	Tunisia	53.5463387281592	0.683563679533816	5.07321528179852	0.0728369196321281	65.4099623847111	
Ropa Uh-2001	Aspen Assay Library		Europe	Czech Republic	56.4746069421917	0.20118463314305	11.809611218946	2.10260282387688	23.9363671093102	
Sahara Bejaia Blend-2011	Aspen Assay Library	7/16/2011	North Africa	Algeria	49.781388460455	0.0907506110866502	1.81869780949819	0.0363537786202903	43.4924560738843	
Sahara Arzew Blend-2010	Aspen Assay Library	3/3/2010	North Africa	Algeria	49.5806306610643	0.114271681925593	1.64769280863882	0.0408419204300956	40.0279653977009	
Sahara Skikda Blend-1999	Aspen Assay Library	11/3/1999	North Africa	Algeria	49.4943024128562	0.132711277874336	1.8346284948365	0.0585268298253242	38.7994195325926	
Samgori-2012	Aspen Assay Library	3/8/2012	Middle East	Georgia	51.9207897992296	0.20222604347653	2.96880009280874	0.102472994552755	103.983492233105	
Santa Maria-2007	Aspen Assay Library	7/13/2007	Europe	Italy	57.6853839970431	4.79446953682125	28.6747273400817	0.145687898706923	70.8571607255497	
Saxi Batuque-2011	Aspen Assay Library	7/1/2011	West Africa	Angola	53.160455889357	0.250330474987755	4.53538339338788	0.529613514596186	66.4225459681476	
Shah Deniz-2011	Aspen Assay Library	3/16/2011	Asia	Kazakhstan	49.4953754708173	0.053581099519652	1.75666576427857	0.184819256479558	62.681599999471	
Siberian Light-2010	Aspen Assay Library	6/18/2010	Asia	Russia	52.9246884989096	0.493758469209313	5.04391702642303	0.0606396656979894	66.36778013098	
Sirri-2011	Aspen Assay Library		Middle East	Iran	53.3668668661154	2.04999016981711	4.24701403977642	0.0642293615535585	52.3083465230016	
Sirtica-2008	Aspen Assay Library	1/24/2008	North Africa	Libya	51.1610372629458	0.480638845145478	2.84988355421863	0.0891664483828314	70.1780364932981	
Soroosh (Cyrus)-2006	Aspen Assay Library	10/12/2006	Middle East	Iran	58.6984998245424	4.07977114166437	111.953783722974	0.200522184152859	87.0864975510383	
Syrian Heavy (Souedie)-2011	Aspen Assay Library	5/27/2011	Middle East	Syria	56.9544087416745	4.77251992639746	18.4777032030587	0.119999015536747	80.7108959422704	
Suez Blend-2009	Aspen Assay Library	1/30/2009	Middle East	Egypt	53.9325937863938	1.88955777842277	6.49227887253638	0.0939774740130567	77.288277098963	
Torrente Tona-2008	Aspen Assay Library	9/20/2008	Europe	Italy	54.6011215099894	2.18026001015642	4.90355384618463	0.3884794298868	59.1507529047094	
Turnix-2000	Aspen Assay Library	11/5/1999	West Africa	Gabon	56.175268245658	2.58254011321377	24.0651163341604	0.294250522273711	91.8551375222381	
Umusadege, Zone VII-2009	Aspen Assay Library		West Africa	Nigeria	54.3954303923652	0.151552186034084	5.90660246283079	0.163453203048352	84.4866706944539	
Umusadege, Zone IX-2009	Aspen Assay Library	3/17/2009	West Africa	Nigeria	49.1613562845095	0.0646811392639718	1.56176010669858	0.0608071207508956	61.7605317788224	
Ural Kavkaz-2001	Aspen Assay Library		Asia	Russia	53.0846913998944	1.25941570271554	5.67021304943928	0.125676615048774	71.8057908278753	
Ural Light-1999	Aspen Assay Library		Asia	Russia	52.8183047541091	0.64362528301053	4.62819000707259	0.230689576030273	75.6575966482091	
Ural Novorossisk-2012	Aspen Assay Library	1/15/2012	Asia	Russia	54.4369696482954	1.66269435333026	8.24567030988687	0.195660378199872	71.6664965651527	
Ural Odessa-2005	Aspen Assay Library	12/17/2004	Asia	Russia	54.1238068546517	1.49679817055178	7.12023312279887	0.18414280482501	72.4238475420045	
Ural Primorsk-2009	Aspen Assay Library	8/19/2009	Asia	Russia	54.1661315238856	1.5076772905155	6.99065290599551	0.0793257765351986	68.0738652203784	
Ural Yuzhni-2011	Aspen Assay Library	9/10/2010	Asia	Russia	54.1861162406686	1.6987733563422	6.78438771175638	0.0518366298622811	88.0492199359003	
Val D'Agri-2008	Aspen Assay Library	10/9/2008	Europe	Italy	51.7245448167355	2.35735970892259	2.52313122336613	0.0580819481927195	49.3740110632159	
Varandey-2003	Aspen Assay Library	12/5/2002	Middle East	Kuwait	55.9448727458527	2.03980709737932	9.97049767670963	0.0938846809058141	38.7168275657977	
Villafortuna-2008	Aspen Assay Library	9/24/2008	Europe	Italy	50.072931902531	0.216957123277294	2.16819433155811	0.045045109231033	47.4826080608397	
Wafa-2013	Aspen Assay Library	12/10/2012	North Africa	Libya	45.6598340452206	0.0192615284418881	1.03470928342949	0.0334178072833866	30.3290205550355	
Wafa Blend-2007	Aspen Assay Library		North Africa	Libya	47.6743611535871	0.0241123953846734	1.39045521865781	0.0211139637914354	43.572106769175	
Xicomba-2004	Aspen Assay Library	12/17/2003	West Africa	Angola	52.8450480693695	0.410022780347989	4.91026198823773	0.132137607514569	75.8521455803214	
Zarif-2009	Aspen Assay Library		Middle East	Egypt	55.1186881284111	0.201594080702569	6.73457857096772	0.556312067230714	76.5623152619212	
Zarosice-2001	Aspen Assay Library		Europe	Czech Republic	56.6903456174477	0.14812130507667	13.4420471741699	0.56315709930748	-0.374607132632342	
Zarzaitine-2011	Aspen Assay Library	12/12/2010	North Africa	Tunisia	49.8831889307433	0.0816720119864416	2.13285858926745	0.0632249628730188	40.196054878721	
Zuata Fluxed-2009	Aspen Assay Library		Latin America	Venezuela	60.9107917639081	3.639206917875	454.128950612345	1.91953094945057	142.736473679164	
Zuata Unfluxed-2009	Aspen Assay Library		Latin America	Venezuela	62.7697917582669	19.6069192543442	6776.66124138485	2.12061773039067	155.852415694045	
Akpo-2014	Aspen Assay Library	10/17/2013	West Africa	Nigeria	49.6108825077402	0.0705914624460584	1.7573028543796	0.0804319012832929	57.0702969868603	
Al Jurf-2014	Aspen Assay Library	11/7/2014	North Africa	Libya	54.5889851113885	1.82695672068886	7.05914911333451	0.0556705765697563	78.0824925888509	
Al Jurf-2015	Aspen Assay Library	4/22/2015	North Africa	Libya	54.4979307840236	1.8409263478945	6.77137102006056	0.0284941454845421	80.8447559935563	
Aquila-2014	Aspen Assay Library	11/12/2013	Europe	Italy	52.1676953788715	2.02278372615484	2.90890754451646	0.0674829371114021	46.4560668337469	
Aquila-2016	Aspen Assay Library	5/18/2015	Europe	Italy	51.8545380509287	1.84375207960356	2.53361297285466	0.0520708143790026	41.783153827084	
Ashtart-2015	Aspen Assay Library	8/26/2015	North Africa	Tunisia	54.366064281491	1.00229760101454	6.6515298282988	0.0985142359461687	81.7693650225643	
Azeri (ex Btc)-2015	Aspen Assay Library	3/4/2015	Middle East	Azerbaijan	51.9201982993349	0.189353144033454	3.58536132165107	0.228960656297744	67.1915528479412	
Basrah Heavy-2015	Aspen Assay Library	7/5/2015	Middle East	Iraq	56.861933858817	4.90698753681552	17.8866713632356	0.255033886190457	70.5729900916395	
Basrah Heavy-2016	Aspen Assay Library	6/22/2016	Middle East	Iraq	56.5480010976421	5.33261992895397	21.2966735685731	0.202757157529486	73.5246096547734	
Basrah Light-2015	Aspen Assay Library	2/26/2015	Middle East	Iraq	55.3755159122347	4.31578476349307	10.4841807276094	0.1717857291691	62.0812906952905	
Basrah Light-2015 - 1	Aspen Assay Library	2/24/2016	Middle East	Iraq	54.7877187429575	3.43420354046803	7.85858543609102	0.136581459192157	56.997361252265	
Basrah Light-2014	Aspen Assay Library	10/17/2013	Middle East	Iraq	54.7557837127482	3.65704723936626	8.00526933674994	0.0776905389565891	55.8271056712301	
Bnb (Brent Ninian Blend)-2017	Aspen Assay Library	10/10/2016	North Sea	United Kingdom	51.5491817710057	0.412510421999299	3.00443103629973	0.102269273574674	75.70380593783	
Bouri-2015	Aspen Assay Library	4/22/2015	North Africa	Libya	55.5266844768646	1.74080658357658	10.9840119913597	0.0412846352271335	84.3403388745696	
Debno-2005	Aspen Assay Library	2/12/2005	Europe	Poland	50.4328398455042	0.239902991899448	2.63447369744059	0.136703024148696	75.5397228300304	
Eagle Ford Condensate-2015	Aspen Assay Library	7/2/2015	North America	United States of America	47.9445282460543	0.0410524036305557	1.53648969132719	0.0277025131068333	52.6771818394168	
Nigerian Forcados-2013	Aspen Assay Library	7/18/2013	West Africa	Congo	53.9072518300218	0.155673191611102	4.4048853800235	0.37949644797236	62.7347780650655	
Goliat-2016	Aspen Assay Library	7/13/2016	North Sea	Norway	51.2056799531697	0.156221989528724	2.86161591043216	0.0650341569058713	65.3180959791434	
Iracema-2016	Aspen Assay Library	9/1/2016	Latin America	Brazil	53.8241126577838	0.307228838027105	7.51253207437472	0.0964968369118371	75.212677133324	
Iranian Light-2015	Aspen Assay Library	10/8/2015	Middle East	Iran	53.3069260886371	1.60270571236385	4.99671179244162	0.0541149615282589	83.8233095800753	
Kirkuk-2015	Aspen Assay Library	1/28/2015	Middle East	Iraq	52.9501617767471	2.21710261465268	4.13080875340853	0.0703927238158523	54.1672139134367	
Kissanje-2016	Aspen Assay Library	4/21/2016	West Africa	Angola	54.6227040860271	0.409329596627081	8.78965940583127	0.411167983547803	63.7861144066905	
Kuwait-2015	Aspen Assay Library	2/23/2015	Middle East	Kuwait	54.3674059637509	3.16086709152613	7.66112803248379	0.157621496811399	57.1675080136892	
Mars-2017	Aspen Assay Library	10/10/2016	North America	United States of America	54.9178176762514	1.94701553614688	9.0422155154202	0.384478047607516	63.0659228431402	
Nemba-2015	Aspen Assay Library	1/8/2014	West Africa	Angola	52.6014596542126	1.3236027451157	4.30192454352178	0.304254704364734	68.585927598422	
Nigerian Brass-2015	Aspen Assay Library	3/5/2015	West Africa	Nigeria	52.3721855650949	0.121437181561509	2.63843512392794	0.0977203468300415	61.0563690277511	
Oguendjo-2015	Aspen Assay Library	6/18/2015	West Africa	Gabon	54.055381697251	1.01479101637358	8.20229229484315	0.919583857220532	74.7332065254645	
Oguendjo-2015 - 1	Aspen Assay Library	1/5/2016	West Africa	Gabon	53.8262948353219	0.981307931623076	6.85108773316022	0.629100701367318	81.693103478624	
Olmeca-2016	Aspen Assay Library	1/5/2016	Latin America	Mexico	51.824461590468	0.939063743594501	2.6864325895202	0.0502478385457278	42.7995638605421	
Oman-2016	Aspen Assay Library	9/21/2016	Middle East	Oman	54.2706184344065	1.47160424505557	13.6978192731303	0.680390090895469	57.1906595385146	
Peregrino-2016	Aspen Assay Library	6/8/2016	Latin America	Brazil	61.0340101432089	1.93129197121105	1674.45560186116	0.479933638903243	127.035896566772	
Priluksko-2004	Aspen Assay Library	3/9/2004	Europe	Ukraine	52.3656446466146	0.433996020843737	3.08261723360229	0.0533941088784484	65.9214886156872	
Prinos Blend-2016	Aspen Assay Library	7/14/2016	Europe	Greece	54.0416054450531	3.47128330044087	5.25837586172031	0.133717201196744	92.7398285813102	
Qaroun-2016	Aspen Assay Library	4/27/2016	Middle East	Egypt	52.7591249962785	0.24407947088807	6.77816902987016	0.13016630328238	95.4705007757976	
Ras Gharib-2015	Aspen Assay Library	7/8/2015	Middle East	Egypt	57.9923249609288	3.56679139541554	56.6916067742341	0.191243978776888	100.633508213955	
Rhemoura-2015	Aspen Assay Library	4/22/2015	North Africa	Tunisia	53.6021000259837	0.707128271391458	5.06240544016921	0.0646663780405281	62.8775011697014	
Rospo-2013	Aspen Assay Library	9/11/2013	Europe	Italy	61.7207731803838	6.30297930066446	1361.02279901292	0.152705197110821	145.094103965453	
Rospo Di Mare-2015	Aspen Assay Library	8/20/2015	Europe	Italy	61.6054136867173	6.49490223458576	2313.43074343648	0.125491884214284	134.49044515303	
Sahara Blend (Bejaia)-2015	Aspen Assay Library	1/8/2015	North Africa	Algeria	49.91749168801	0.052029832008056	2.05200263917995	0.0483395575533621	48.4342205618619	
Sahara Blend (Bejaia)-2016	Aspen Assay Library	6/22/2016	North Africa	Algeria	50.0188058806292	0.0482171620224078	2.28550009878245	0.0584346314484343	50.093748387689	
Saratov-2004	Aspen Assay Library	9/19/2004	Europe	Ukraine	50.7185183519796	0.220959248741917	2.40238855536595	0.150896125805695	62.4804534089947	
Sarir-2016	Aspen Assay Library	1/5/2016	North Africa	Libya	52.1650822202982	0.185844961657803	5.03068549707003	0.0577034255122834	95.7988301121324	
Sarir-2016 - 1	Aspen Assay Library	1/5/2016	North Africa	Libya	52.1650822202982	0.185844961657803	5.03068549707003	0.0577034255122834	95.7988301121324	
Shaikan-2014	Aspen Assay Library	1/17/2014	Middle East	Iraq	59.4222939488333	4.94342842249831	54.0230412532518	0.0695706675194416	93.1937113413086	
Siberian Light-2015	Aspen Assay Library	2/25/2015	Asia	Russia	52.7902710244611	0.567884177258263	4.52780435811113	0.0896953979813404	66.8754113821377	
South Pars Condensate-2016	Aspen Assay Library	7/25/2016	Middle East	Iran	45.6252460757179	0.11046462395192	0.706394480170288	0.0473514009734062	-65.1281923949935	
Southern Green Canyon-2016	Aspen Assay Library	10/10/2016	North America	United States of America	54.23260049303	2.44423507408247	7.74618265114111	0.195539061888747	63.5943500248464	
Terranova-2013	Aspen Assay Library	8/26/2013	North America	Canada	53.4155358822762	0.545220608178631	5.95493156664157	0.0486451354489264	81.109095042781	
Ural Novorossisk-2014	Aspen Assay Library	2/20/2015	Asia	Russia	54.0122610707865	1.47349998385638	7.54625650489994	0.14576573686102	94.5658354305942	
Vasconia-2017	Aspen Assay Library	5/16/2016	Latin America	Colombia	56.5601485521101	1.02168977627971	21.5516343317779	0.198503518284884	89.0633468147064	
Vasconia-2013	Aspen Assay Library	4/2/2013	Latin America	Colombia	55.3064433055142	0.908326127416669	14.1965913882822	0.263872818402208	75.2935713012985	
Vega-2013	Aspen Assay Library	9/11/2013	Europe	Italy	57.7547841970736	2.72178247172499	70.2020593829108	0.480976350095377	128.881703010773	
Vega-2015	Aspen Assay Library	4/24/2015	Europe	Italy	58.6099829124539	2.16182045358883	55.5090141706302	0.706755708534622	116.141611129995	
Western Desert-2015	Aspen Assay Library	4/24/2015	Middle East	Egypt	50.8121873969814	0.357943966574322	2.19967743783752	0.0559325910438766	78.0251322380334	
Wti Domestic Sweet-2016	Aspen Assay Library	6/15/2016	North America	United States of America	51.342393509578	0.715979456822562	3.36902695752976	0.231278721800809	50.6119974226607	
Agbami-2009	Aspen Assay Library	11/1/2008	West Africa	Nigeria	49.363929524946	1.49956769561833	1.72420722849163	0.0896486939180112	55.2043520087622	
Amna-2012	Aspen Assay Library	6/21/2012	North Africa	Libya	52.3171485487671	0.145199267719556	6.50351758909691	0.128108409484182	96.7826361486237	
Antan-2008	Aspen Assay Library	6/29/2008	West Africa	Nigeria	54.6512353389857	0.308645092932945	7.23891643006897	0.504811356756775	67.5634606460561	
Arabian Extra Light-2016	Aspen Assay Library	10/6/2015	Middle East	Saudi Arabia	51.4497826378255	1.05737541716704	2.64675151555185	0.0392003808849563	56.232826797744	
Arabian Extra Light-2011	Aspen Assay Library	4/11/2011	Middle East	Saudi Arabia	51.0480391795987	0.832843681419982	2.26676266223056	0.0621553700605371	56.5487181739784	
Arabian Heavy-2015	Aspen Assay Library	3/19/2015	Middle East	Saudi Arabia	55.4050587303198	3.53034277868593	11.267308344745	0.153115455951349	63.3479135920459	
Arabian Light-2012	Aspen Assay Library		Middle East	Saudi Arabia	53.5594987433452	1.88119185497949	5.43625570311991	0.0567818870305388	57.2972759039198	
Arabian Medium-2012	Aspen Assay Library	11/22/2011	Middle East	Saudi Arabia	54.3242877891445	2.45826205630045	7.27013033431362	0.16704628351128	65.2824036452995	
Aseng-2015	Aspen Assay Library	12/19/2014	West Africa	Equatorial Guinea	53.9728235349693	0.236029036086764	6.15159691327716	0.196258530059871	103.598781641651	
Azeri Light-2016	Aspen Assay Library	1/13/2016	Middle East	Azerbaijan	52.1832227844782	0.137345478273707	4.15349623717682	0.306252606182187	69.9478861782827	
Beatrice-2011	Aspen Assay Library	6/24/2011	North Sea	United Kingdom	51.847716746062	0.0692645768785955	5.04418379095566	0.0635560608150572	90.4644178495653	
Black Hawk-2015	Aspen Assay Library	1/21/2015	North America	United States of America	47.9178826913448	0.0438534895231609	1.52268038704025	0.0182450494559228	48.9984487675733	
Blacktip Condensate-2010	Aspen Assay Library	2/20/2010	Australia	Australia	49.5736805656419	0.00347665636467701	0.941805370890439	0.00640948495753669	-44.5176683668956	
Bonga-2016	Aspen Assay Library	7/11/2016	West Africa	Nigeria	55.0179355654815	0.263612808355921	6.03602197253982	0.382091267785924	57.4452149164648	
Bonga-2015	Aspen Assay Library	2/6/2015	West Africa	Nigeria	54.3791221200176	0.241006032554754	5.11570018685641	0.56838950671515	50.434365167449	
Bonny Light-2011	Aspen Assay Library	11/29/2010	West Africa	Nigeria	53.2471399080265	0.149577968609496	3.50373548960263	0.264003114555576	57.291772337764	
Brega-2011	Aspen Assay Library	11/3/2010	North Africa	Libya	50.6708171516065	0.200982372795724	2.74439974754636	0.0533502033509812	65.9970256681616	
Brega-2015	Aspen Assay Library	3/3/2015	North Africa	Libya	50.484452646921	0.187548595157349	2.40299816610444	0.0737147379189823	72.6242506048042	
Brega Condensate-2007	Aspen Assay Library	5/24/2007	North Africa	Libya	45.4430080950722	0.00565066669688113	0.95796895911156	0.0272236547338852	10.9255818019506	
Bu Attifel-2009	Aspen Assay Library	6/11/2009	North Africa	Libya	50.3211349234368	0.0229414658122225	4.39533800285232	0.148195742315073	121.498154203899	
Cabinda-2016	Aspen Assay Library	4/21/2016	West Africa	Angola	53.7107739605284	0.174261150825618	9.12815273530339	0.141670051669811	111.059157680544	
Cheleken-2009	Aspen Assay Library	6/22/2009	Asia	Turkmenistan	51.5626870255928	0.114990922214475	3.57521630200806	0.16254176484524	78.9256137593182	
Didon-2011	Aspen Assay Library	7/11/2011	North Africa	Tunisia	52.6551813016359	0.811563567992552	3.71538073733062	0.0437001286582533	79.395803611185	
Diyarbekir-2006	Aspen Assay Library	9/7/2006	Middle East	Turkey	53.0700040232899	0.254125760215249	5.92759473636444	0.261909315638712	85.8290144346085	
Eagle Ford-2016	Aspen Assay Library	4/27/2016	North America	United States of America	49.3306021802688	0.21702846289298	1.9006610140721	0.0501830934933572	54.3121636318113	
Eagle Ford Ingleside-2016	Aspen Assay Library	6/1/2016	North America	United States of America	49.8006797891701	0.121945129618107	2.26716203256949	0.0599525720524628	69.6046153778201	
Echo Condensate-2015	Aspen Assay Library	1/30/2015	North America	United States of America	47.4635719562077	0.0955261506417713	1.38744567860868	0.0307685139160059	46.5221019254483	
Erha-2016	Aspen Assay Library	1/13/2016	West Africa	Nigeria	52.8090447505564	0.176053549222524	3.85990365257662	0.405454334163311	52.1132182115108	
Ezzaouia-2006	Aspen Assay Library	9/12/2006	North Africa	Tunisia	51.6465422168896	0.179659442223183	6.62640522432031	0.110908181898966	109.422854838046	
Foinaven-2011	Aspen Assay Library	3/22/2011	North Sea	United Kingdom	55.8693525855367	0.356382901682124	17.0907744585167	0.138984164825092	68.3616226563679	
Forties-2008	Aspen Assay Library	2/19/2008	North Sea	United Kingdom	51.2556117242222	0.70117054971953	2.62956234594365	0.131194008989432	91.5754655903135	
Girassol-2016	Aspen Assay Library	4/21/2016	West Africa	Angola	54.7387635297069	0.405225309663615	9.63643756159864	0.327073326116907	64.1900874309313	
Hungo-2016	Aspen Assay Library	4/21/2016	West Africa	Angola	54.4676765928741	0.610963316508131	9.07041561785172	0.398597223516844	70.8417504434724	
Karachaganak Export Blend-2010	Aspen Assay Library	7/27/2010	Asia	Kazakhstan	49.5574800010221	0.790087395664323	1.56305255051015	0.0552690467092608	49.8140504049526	
Kazakh Blend-2008	Aspen Assay Library	9/7/2008	Asia	Kazakhstan	52.6964990786851	0.439040395195921	5.61764621849563	0.265497687846302	79.1810765057891	
Kirkuk ex Kbt-2015	Aspen Assay Library	9/16/2015	Middle East	Iraq	53.3957212630276	2.36532561733045	4.73395843591739	0.185040470422598	61.3551731551917	
Kuwait-2012	Aspen Assay Library	5/22/2012	Middle East	Kuwait	54.2831609919285	2.66185479995002	7.11533195426039	0.125282192906451	74.059551920393	
Wti Magellano-2016	Aspen Assay Library	4/22/2016	North America	United States of America	50.9872471429617	0.233594045235648	2.49495606619167	0.0521453670985304	54.6096396885023	
Maralago-2012	Aspen Assay Library	6/19/2011	Latin America	Venezuela	57.7154532633109	3.96029709168095	48.6120442541365	0.561037119545777	82.0962222405973	
Maralago-2007	Aspen Assay Library	6/19/2007	Latin America	Venezuela	57.0852270357138	2.94837970715264	24.0451307685741	0.329706724979343	83.216645248985	
Marib Light-2007	Aspen Assay Library	8/16/2007	Middle East	Yemen	50.2271896880154	0.252786318108068	1.8465790881412	0.0607961978809884	70.8663400008391	
Maya-2015	Aspen Assay Library	10/30/2014	Latin America	Mexico	57.4370485906728	4.00252305504389	31.7757875810749	0.093868587976945	87.2453718896712	
Mesla-2008	Aspen Assay Library	4/21/2008	North Africa	Libya	51.9276528888234	0.159158324321367	4.66872001908022	0.0538599145338996	92.1999289985301	
Mittelplate-2010	Aspen Assay Library	3/17/2010	Europe	Germany	57.4010021511801	3.33820702922404	51.0879663368688	0.0633926282198183	84.4748592741284	
Mocoh Condensate (Safrasol)-2009	Aspen Assay Library	1/8/2009	Africa	Tanzania	50.4275843811561	0.097260121019247	1.78220157195354	0.0186686323684648	-0.841916267689747	
Nemba-2016	Aspen Assay Library	4/21/2016	West Africa	Angola	51.9610864927035	0.309745033793776	3.29658871843604	0.177003960926276	68.874164899952	
Norne-2016	Aspen Assay Library	12/1/2015	North Sea	Norway	54.6673963074643	0.291389376708194	7.69010609939688	0.180893987526332	78.8834695750126	
Okono-2008	Aspen Assay Library	8/8/2008	West Africa	Nigeria	51.2469894488927	0.844041752044415	2.02378841738464	0.173812500342661	62.4202229970022	
Okoro-2012	Aspen Assay Library	5/16/2012	West Africa	Nigeria	57.0127901779678	0.206180142650658	17.6142717340254	0.214070132011451	40.1219482459905	
Okwori-2011	Aspen Assay Library	6/14/2011	West Africa	Nigeria	52.73891465269	0.112004876722044	3.36392727259682	0.387145372278912	68.2882761842126	
Okwuibome-2014	Aspen Assay Library	12/19/2014	West Africa	Nigeria	53.5282374291918	0.140437404887851	4.15775782939717	0.24630018302283	55.9921551086157	
Oudna-2007	Aspen Assay Library	5/7/2007	North Africa	Tunisia	51.1510012970199	0.262866573865398	2.62276255944013	0.0902470004148558	55.3477092150692	
Pennington-2009	Aspen Assay Library	12/8/2008	West Africa	Nigeria	52.928239014708	0.116355011041589	2.9621079021118	0.228230729877194	64.3649681254833	
Pizzo Tamburino Condensate-2008	Aspen Assay Library	3/3/2008	Europe	Italy	45.6643711957981	0.00458080689112366	0.668000264865178	0.036	-51.5674234429906	
Plutonio-2016	Aspen Assay Library	4/21/2016	West Africa	Angola	53.4139941471183	0.408128889990946	5.7821673562404	0.102862351592159	109.21796581152	
Qaroun-2010	Aspen Assay Library	9/27/2010	Middle East	Egypt	53.0825971761235	0.318988842163243	7.4465431184742	0.200033652115116	133.016892295101	
Qaroun-2015	Aspen Assay Library	1/13/2015	Middle East	Egypt	52.6598351698951	0.186794323314947	6.09921236991388	0.153354067202856	85.3322311179525	
Qua Iboe-2012	Aspen Assay Library	8/19/2012	West Africa	Nigeria	52.6786032361398	0.119211414994837	3.22045864741771	0.321668578908417	78.7890026004983	
Rhemoura-2016	Aspen Assay Library	7/31/2015	Middle East	Azerbaijan	53.8282676627851	0.663274314988683	6.39920479956297	0.124031040474969	73.5944266268245	
Romex Light-2010	Aspen Assay Library	5/25/2010	Europe	Romania	54.1714059373266	0.520852647926971	5.90760841422333	0.438143295851296	91.5876807828118	
Samgori-2014	Aspen Assay Library	11/13/2013	Middle East	Georgia	51.9856358508789	0.242837393690566	4.15142467758141	0.0904163669937429	87.5093288106345	
Sangos-2016	Aspen Assay Library	4/21/2016	West Africa	Angola	54.0503227067978	0.518947815462789	8.74842955056138	0.409993036106927	57.295711950329	
Santa Barbara-2011	Aspen Assay Library	9/15/2011	Latin America	Venezuela	51.9732615650721	0.519754893137615	2.46582329668945	0.0876703466808153	52.5139665265296	
Sarir-2011	Aspen Assay Library	10/12/2011	North Africa	Libya	52.3063949802693	0.14720181067119	6.16255683215728	0.106162934138993	101.12513523864	
Statfjord-2008	Aspen Assay Library	9/3/2008	North Sea	Norway	51.5275596623904	0.226616788066078	2.66502650396228	0.0339343838830663	81.3155035770382	
Sugarloaf-2016	Aspen Assay Library	12/11/2015	North America	United States of America	47.6376108127024	0.0435966201475948	1.38977559390244	0.0119958481860155	49.9544780208931	
Syrian Light-2011	Aspen Assay Library	7/15/2011	Middle East	Syria	51.4074973280784	0.619406032041754	3.14581219160942	0.0530239386241406	71.7443522714621	
Tawke-2015	Aspen Assay Library	9/21/2015	Middle East	Iraq	55.6759725378085	2.87727442691743	9.56414496613253	0.0422398857665639	58.9287597646306	
Tengiz-2012	Aspen Assay Library	8/3/2012	Asia	Kazakhstan	49.2477088109226	0.536350397493515	1.52469320634071	0.0685458315825701	49.1198323715864	
Troll-2011	Aspen Assay Library	4/30/2011	North Sea	Norway	52.834702171687	0.153740108671916	3.36226182885609	0.468143658466293	59.6269978023089	
Ural Druzhba-2011	Aspen Assay Library	11/3/2010	Asia	Russia	54.1894419363416	1.68798825309661	6.82817807241798	0.0725222328084256	69.3049544449951	
Western Desert-2008	Aspen Assay Library	6/28/2008	Middle East	Egypt	51.1997720843977	0.310344692803423	2.59180594387575	0.0801890588784808	81.2788594402749	
Yoho-2011	Aspen Assay Library	11/26/2010	West Africa	Nigeria	51.1390705618577	0.0644571425840329	2.10250965232954	0.219825167212317	62.9372853272391	
Zagorskaya-2011	Aspen Assay Library	10/14/2010	Asia	Russia	51.3214408115435	0.688024176701066	2.53963910529534	0.0565559814173782	61.1847985154314	
Zaikinskaya-2011	Aspen Assay Library	7/14/2011	Asia	Russia	50.0000748379874	0.209113318615072	1.86681795273524	0.0451019923181139	61.5240608099691	
Zarzaitine-2016	Aspen Assay Library	4/11/2016	North Africa	Algeria	50.4430793369996	0.0906095193768847	2.29589170724193	0.068138728246878	58.9696348339658	
Zhanazhol-2009	Aspen Assay Library	12/28/2008	Asia	Kazakhstan	51.8342129245767	1.63993784571597	3.37035772903856	0.249386480133646	60.7169722019639	
Zuata Sweet-2009	Aspen Assay Library	2/6/2009	Latin America	Venezuela	53.5859433353251	0.128747517759806	3.83672221945846	0.0593752089916022	2.90759238426995	
Zueitina-2008	Aspen Assay Library	11/5/2007	North Africa	Libya	52.1794163318392	0.514279301228991	4.44558479935287	0.060725102446965	74.6250053693163	
Casteggio Condensate-2005	Aspen Assay Library	6/27/2005	Europe	Italy	45.3539059519464	0.02582060671644	0.636941158280272	0.223702501804784	-23.3636732352658	
Cpc-2016	Aspen Assay Library	7/11/2016	Asia	Kazakhstan	49.5016686102127	0.536623360478469	1.67542773184776	0.0531830283311702	50.3952417544527	
Iranian Heavy-2016	Aspen Assay Library	9/21/2016	Middle East	Iran	54.8766311900178	2.53170105693501	8.65848414069734	0.0941852854665152	64.1002636210412	
Mellitah Condensate-2012	Aspen Assay Library	3/8/2012	North Africa	Libya	45.8753708201275	0.057938558264929	0.756313918566424	0.0111359429124994	-31.7125396103077	
South Pars Condensate-2005	Aspen Assay Library	12/23/2004	Middle East	Iran	46.6153084620952	0.287705009628195	0.818564196152715	0.148600908798885	-18.9104867088588	
Abu Al Bu Khoosh-1987	Aspen Assay Library	02/1987 (ca.)	Middle East	United Arab Emirates	53.284834406256	1.72855237341655	4.26169273819053	0.0628036150555553	52.7284038373932	
Alba-1994	Aspen Assay Library	11/1994 (ca.)	North Sea	Norway	58.5426622857604	1.32211062240069	208.950655083803	1.12792962258153	57.0741748065381	
Amal-1991	Aspen Assay Library	10/1991 (ca.)	Middle East	Egypt	52.30092676377	1.44940375957471	3.21675365093606	0.0843906857554629	65.6705426967341	
Arabian Berri-1992	Aspen Assay Library	1992	Middle East	Saudi Arabia	52.1309254901637	1.33662175887943	2.73473011847938	0.0761324720072374	43.3663561464165	
Arabian Super Light-1994	Aspen Assay Library	12/1994 (ca.)	Middle East	Saudi Arabia	48.5092369294446	0.0218878991422032	1.3638846669973	0.0588017756723463	30.0803485369837	
Ardjuna-1990	Aspen Assay Library	09/1990 (ca.)	Asia	Indonesia	51.9677230427913	0.106719030753511	2.64799499313233	0.204508916091333	90.3009378219094	
Arun-1990	Aspen Assay Library	09/21/1990 (ca.)	Asia	Indonesia	47.0591146735289	0.0302670215102084	0.768685938353168	0.0480635495972493	-15.6437128910958	
Asgard Condensate-2003	Aspen Assay Library	09/2003 (ca.)	North Sea	Norway	48.2005851731485	0.0616313868281893	0.902540879680706	0.14989303288244	47.7997007489714	
Ashtart-1996	Aspen Assay Library	10/1996 (ca.)	North Africa	Tunisia	54.2824467009658	1.09764770480918	6.46983412920518	0.0226182090806589	85.1636032579703	
Bachaquero-1995	Aspen Assay Library	03/1995 (ca.)	Latin America	Venezuela	61.3735694749609	2.80038740871755	1357.29492271765	0.936551007135891	93.9893383111852	
Bachaquero-1992	Aspen Assay Library	04/1992 (ca.)	Latin America	Venezuela	59.4949654656663	2.47046280906852	240.224577563705	1.96718118816705	60.7529147337959	
Baltim-1996	Aspen Assay Library	05/1996 (ca.)	Middle East	Egypt	49.2219939326895	0.0189544246023474	1.08478782430266	0.120374123763946	23.1618484691378	
Basrah Medium-1977	Aspen Assay Library	1977	Middle East	Iraq	54.6153087114139	3.30021031742774	7.34423666673584	0.0877039887305772	58.4283542354487	
Bombay High-1986	Aspen Assay Library	06/1986 (ca.)	Asia	India	51.7740209370513	0.12319279913729	2.46504063759158	0.0242540386002984	81.5917186210213	
Bonny Medium-1997	Aspen Assay Library	12/1997 (ca.)	West Africa	Nigeria	55.3370202668818	0.216915297306263	5.70013995226117	0.372283902478685	61.9545233631623	
BRN52-1997	Aspen Assay Library	05/26/1997 (ca.)	North Africa	Algeria	49.1682287970981	0.0323486020757229	1.89576441954687	0.0928587114980823	39.4651044797592	
Bronte Condensate-1993	Aspen Assay Library	07/1993 (ca.)	Europe	Italy	43.2789589603458	0.00261210773318507	0.614218734006893	0.0498094606511398	-167.693065357823	
Buzachinskaya-1992	Aspen Assay Library	07/1992 (ca.)	Asia	Russia	56.5549339563387	1.57663523268795	30.7464139278072	1.15133272675287	56.5674266316142	
Cabinda-2000	Aspen Assay Library	05/2000 (ca.)	West Africa	Angola	53.7213832439444	0.12433595920449	9.43623825892321	0.208283836606332	90.9517722479509	
Canadon Seco-1994	Aspen Assay Library	03/25/1994 (ca.)	Latin America	Argentina	55.9379088673614	0.183444195420282	46.3404753243484	0.390495469390695	84.5215420647661	
Candela Condensate-1993	Aspen Assay Library	04/1993 (ca.)	Europe	Italy	44.6386857610745	0.0479794838805523	0.679359571106923	0.301399980999069	-106.432138159367	
Carassai-1993	Aspen Assay Library	02/1993 (ca.)	Europe	Italy	55.8588994904763	0.474637454455079	3.61271088174552	0.201682603953454	10.4795697388228	
Casal Borsetti-1994	Aspen Assay Library	10/1994 (ca.)	Europe	Italy	55.1618013773028	2.70003168128421	3.40938327729477	0.0677563734174855	-26.0694216109457	
Cavone-1992	Aspen Assay Library	03/1992 (ca.)	Europe	Italy	56.4861355219781	2.66026081967712	30.2899588033631	0.265948570247607	88.4183464175392	
Abu Madi Condensate-1994	Aspen Assay Library	12/01/1994 (ca.)	Middle East	Egypt	46.3487845003358	0.00343827134167373	0.655563431805951	0.0535662364985958	-39.2033662316631	
Algerian Condensate-1991	Aspen Assay Library	10/18/1990 (ca.)	North Africa	Algeria	45.0613848104318	0.00140884115239964	0.61920405041407	0.0246430503862739	-63.198561405962	
East Baghdad-1996	Aspen Assay Library	10/09/1996 (ca.)	Middle East	Iraq	57.3634709930794	5.01224050743113	20.2725427107385	0.295669472616432	72.8139933049069	
Escalante B-1995	Aspen Assay Library	01/14/1995 (ca.)	Latin America	Argentina	56.7658825270042	0.20578513369239	170.922885446559	0.245209563248706	96.7135177083931	
Fao Blend-1989	Aspen Assay Library	11/17/1989 (ca.)	Middle East	Iraq	54.3886925417954	3.11225283267243	6.98473648969558	0.158323886054502	35.5308167267712	
Fornovo Condensate-1995	Aspen Assay Library	09/1995 (ca.)	Europe	Italy	45.8712331563449	0.00356346737532544	0.559894933769703	0.0577323821434747	-136.397128172417	
Gagliano Condensate-1993	Aspen Assay Library	06/1993 (ca.)	Europe	Italy	44.2787859120313	0.00275499860293047	0.587003593637968	0.0499376337827272	-83.898198753319	
Geisum-1992	Aspen Assay Library	08/06/1992 (ca.)	Middle East	Egypt	58.2057236823603	4.02328886955737	88.8090877727637	0.233040641213919	108.738140390398	
Grottammare Condensate-1993	Aspen Assay Library	02/1993 (ca.)	Europe	Italy	46.6607461361141	1.13372969416752	0.716112111152617	0.0309204444748021	-79.5860483791514	
Hidra-1990	Aspen Assay Library	08/22/1990 (ca.)	Latin America	Argentina	51.6363608238055	0.0761384784599475	3.85420828300577	0.0327011935436813	61.9837087558161	
HZ-1991	Aspen Assay Library	03/1991 (ca.)	Asia	China	52.0175625923499	0.0514163141969122	6.07551113578587	0.0785397185660136	98.8591712763163	
Isla-1999	Aspen Assay Library	9/22/1999 (ca.)	North America	Cuba	61.7573001343641	7.31967694226456	5095.58777159183	0.607473430512072	99.1835764308215	
Karachaganak-1997	Aspen Assay Library	1997	Asia	Kazakhstan	53.191508407461	1.38208459935568	5.2841036483582	0.0813314552723948	70.6699948220276	
Kayarah-1997	Aspen Assay Library	10/20/1997 (ca.)	Middle East	Iraq	59.758470962937	6.52939663904206	76.2155739404773	0.314319397779659	114.78287614923	
Lagotreco Heavy-1994	Aspen Assay Library	1994	Latin America	Venezuela	59.5708495299422	3.39248547387128	250.988363873693	1.05884325990975	90.8094910151064	
Lagotreco Light-1991	Aspen Assay Library	1991	Latin America	Venezuela	54.0709294821557	1.23853955455209	8.99631433567773	0.185826948749124	44.16005580671	
Lagotreco Medium-1994	Aspen Assay Library	1994	Latin America	Venezuela	57.3431049124791	2.80405359127395	43.4028224877597	0.763902671048119	71.0431622446299	
Laguna-1995	Aspen Assay Library	1995	Latin America	Venezuela	61.7922906932356	2.94393505452282	8209.13095288927	3.27199373640171	130.230633671164	
Loango-1989	Aspen Assay Library	1989	West Africa	Congo	55.9064197758402	0.24936409475024	81.1214691517072	0.139339383775484	60.3558707732534	
San Marco, Benevento-1993	Aspen Assay Library	05/1993 (ca.)	Europe	Italy	49.7232368438044	0.368666119871028	2.16743742164719	0.0793086280498834	31.9777318282612	
Russian Condensate-1992	Aspen Assay Library	06/15/1992 (ca.)	Asia	Russia	44.8359980186438	0.00449014267635123	0.790973179816642	0.0482306869106783	-39.4938725279967	
Temsah Condensate-1994	Aspen Assay Library	05/10/1994 (ca.)	Middle East	Egypt	49.6215321016484	0.0456693456230166	1.19647153763228	0.207252764278949	57.4952650153703	
Zueitina Condensate-1994	Aspen Assay Library	12/13/1994 (ca.)	North Africa	Libya	42.1787247863962	0.00275292463066578	0.760635271842496	0.0258633435074024	-175.706980820382	
Taching (Daqing)-1985	Aspen Assay Library	06/30/1985 (ca.)	Asia	China	53.7365808318295	0.0977392228659675	18.9773371609861	0.0822535039149215	94.6916754543379	
Malongo-1989	Aspen Assay Library	1989	West Africa	Angola	53.9962809266658	0.147721642668846	11.722424071589	0.16096505907456	76.3620820759362	
Malossa-1984	Aspen Assay Library	06/1984 (ca.)	Europe	Italy	47.8020735607603	0.0312359802034069	1.15244029701505	0.017849425444993	53.1355017395175	
Mandji-1991	Aspen Assay Library	1991	West Africa	Gabon	54.158571575711	1.19271733975571	10.078500549476	0.373805997685264	81.9166838685748	
Masseria Pepe-1988	Aspen Assay Library	06/1988 (ca.)	Europe	Italy	50.7628606413334	1.75579723495703	1.74021575845948	0.0260657239887622	27.1492761880683	
Maureen-1984	Aspen Assay Library	1984	North Sea	United Kingdom	52.5719127416464	0.283772039680007	4.18142838535032	0.0683326534650743	69.5146935737408	
Medanito-1994	Aspen Assay Library	1994	Latin America	Argentina	52.9834653624597	0.526257768842416	4.95967408500246	0.0899513249045081	68.1064405401184	
Menemota-1990	Aspen Assay Library	1990	Latin America	Venezuela	58.9735745141553	2.70073309282204	109.042124598479	1.56604663008363	36.6121804139019	
Minerbio Condensate-1994	Aspen Assay Library	10/1994 (ca.)	Europe	Italy	51.0521992792177	1.82341195150915	0.800254858614066	0.0589189487495276	-124.217058725892	
Monte Enoc-1997	Aspen Assay Library	05/1997 (ca.)	Europe	Italy	53.5809182356928	2.63591885628863	4.6432361770416	0.123400304434965	79.0904918415023	
Moudi-1995	Aspen Assay Library	1995	West Africa	Cameroon	52.4908256754537	0.255788553797744	4.76703432600308	0.596519235961934	72.2099574661048	
Murban-1990	Aspen Assay Library	3/28/1990 (ca.)	Middle East	United Arab Emirates	51.3743826469295	0.904192276683344	2.63739511550969	0.0296131003724457	29.4336936155938	
Ninian-1986	Aspen Assay Library	06/1986 (ca.)	North Sea	United Kingdom	52.4354404933779	0.344309543413626	3.5496826675007	0.0314993350025118	61.7022285659118	
Oman-1988	Aspen Assay Library	10/1988 (ca.)	Middle East	Oman	53.0317475345102	1.04156106880014	6.34457612379418	0.263355092561594	39.1912035499621	
Ouamkasa-1997	Aspen Assay Library	01/1997 (ca.)	North Africa	Libya	51.5558279434656	0.0839817675899811	11.1627499739001	0.0500536902294983	95.1893767881651	
Pilon-1995	Aspen Assay Library	3/13/1995 (ca.)	Latin America	Venezuela	60.8248093235719	2.93701533343372	11512.4526688037	1.07390917594603	97.7248885129502	
Pisticci-2001	Aspen Assay Library	02/2001 (ca.)	Europe	Italy	62.7544424244514	6.47264124767601	3749.58345604037	0.882493689512057	180.581263519102	
Qatar Land-1990	Aspen Assay Library	03/1990 (ca.)	Middle East	Qatar	51.1700602380757	1.27920654247177	2.45758878882988	0.0300816329306337	35.436495177804	
Qatar Marine-1989	Aspen Assay Library	11/7/1999 (ca.)	Middle East	Qatar	52.556751023644	1.6346248796902	3.57249325371428	0.0448190066106504	43.4511893637437	
Ravenna Mare-1994	Aspen Assay Library	10/1994 (ca.)	Europe	Italy	55.1004807513416	1.24952815646326	3.18050079263438	0.0367285940008665	-56.1451383045141	
Rimal Katib-1991	Aspen Assay Library	07/1991 (ca.)	North Africa	Libya	52.1244169057995	0.0290047010564984	10.3827928592326	0.0440901338411583	117.036691416932	
Rubicone-1994	Aspen Assay Library	10/1994 (ca.)	Europe	Italy	55.3590294810869	0.81420953690677		0.05	-13.1974482366759	
San Benedetto-1993	Aspen Assay Library	03/1993 (ca.)	Europe	Italy	55.355723054767	0.35379713234617	2.89899113962532	0.0499999999999998	-34.8950326559251	
Sarago-1990	Aspen Assay Library	03/1990 (ca.)	Europe	Italy	61.6429805363531	7.71000110872419	728.825858168529	0.176787042021627	149.644342965606	
Sendji-1989	Aspen Assay Library	04/1989 (ca.)	West Africa	Congo	55.8884736384228	0.171334925106791	55.7371642715621	0.09356389676885	84.5923930091547	
Shengli-1985	Aspen Assay Library	10/1985 (ca.)	Asia	China	55.9264712949647	0.764537278550221	40.7051798283733	0.390926033612889	98.3072571442204	
Shukeir-1991	Aspen Assay Library	10/1991 (ca.)	Middle East	Egypt	50.7492215073269	0.291866807292456	1.87029072042178	0.0313692421051554	57.6577040325883	
Spilamberto Condensate-1992	Aspen Assay Library	11/1992 (ca.)	Europe	Italy	46.4726019162324	0.290461051161449	0.734171727955098	0.027535876271408	-128.46654234967	
Strangolagalli-2001	Aspen Assay Library	04/2001 (ca.)	Europe	Italy	57.8894009770958	3.73793909310743	13.0982905286269	0.310116832041855	30.1405408104463	
Structure-1995	Aspen Assay Library	1/2/1995 (ca.)	North Africa	Libya	50.2348161374207	0.0140882124922714	4.77203253028043	0.0208387452840163	121.767374290974	
Sumatran Light (Duri)-1986	Aspen Assay Library	12/1986 (ca.)	Asia	Indonesia	53.311880704282	0.0844714685742246	14.939947934139	0.17	99.8489310827688	
Tadrart Lower-1997	Aspen Assay Library	1997	North Africa	Libya	52.9246306219939	0.0972598025406861	5.47881273721462	0.0579188650026083	78.6112767313006	
Tadrart Upper-1997	Aspen Assay Library	1997	North Africa	Libya	52.7326291618162	0.0872372930665392	5.14762333720953	0.0530304460501813	75.2845942265737	
Takula-1989	Aspen Assay Library	11/1989 (ca.)	West Africa	Angola	53.6491970433253	0.109300412802216	10.3091905880051	0.0499091397546822	78.7589300688767	
Tazerka-1992	Aspen Assay Library	04/14/1992 (ca.)	North Africa	Tunisia	53.7067213722413	0.955952085044485	5.35616028552705	0.217322120179552	70.8405281528	
Tchibouela-1989	Aspen Assay Library	04/1989 (ca.)	West Africa	Congo	55.6239804958708	2.05157025993565	40.882228399933	0.287928942806165	49.9223172676663	
Tia Juana Pesado B-1983	Aspen Assay Library	02/1983 (ca.)	Latin America	Venezuela	61.6288448565938	2.74644672053055	2930.43272856271	3.67618887224645	68.1181161355191	
Tuama-1995	Aspen Assay Library	01/02/1995 (ca.)	North Africa	Libya	50.5863777448163	0.0125279372758994	4.99111742915939	0.0745806749615423	101.43343185753	
Umm Shaif-1990	Aspen Assay Library	05/21/1990 (ca.)	Middle East	United Arab Emirates	52.0626117525476	1.38971828853902	2.99021614132289	0.0666223742570375	45.5261402337924	
Ural Heavy-1993	Aspen Assay Library	03/1993 (ca.)	Asia	Russia	55.2374488972206	3.01257516839211	13.1295145103299	0.0716397581792316	71.7109433874832	
Yanga-1989	Aspen Assay Library	04/1989 (ca.)	West Africa	Congo	54.8434432821512	0.172702057746117	14.507988804068	0.443542160270088	65.4055126870676	
Yombo-1992	Aspen Assay Library	05/25/1992 (ca.)	West Africa	Congo	59.2870300317195	0.309322332995975	1124.88721280377	0.953563831611239	85.9541985055997	
Zakum Lower-1991	Aspen Assay Library	03/04/1991 (ca.)	Middle East	United Arab Emirates	51.1817277449085	1.06928782321097	2.43186912393499	0.0516881901495091	54.1975092813546	
Zakum Upper-1990	Aspen Assay Library	07/1990 (ca.)	Middle East	United Arab Emirates	53.17684086695	1.92293832001085	5.13615948212134	0.0966879470070689	56.5182052233304	
Zeit Bay-1993	Aspen Assay Library	05/17/1993 (ca.)	Middle East	Egypt	52.4189609349716	1.17714578386642	3.48892065155929	0.149476901152786	81.3942984071982	
Gina Krog-2018	Aspen Assay Library	2/9/2018	North Sea	Norway	53.2517177460619	0.380334632475657	5.27344388858107	0.0110028064440725	62.1296548421169	
Asgard Blend-2018	Aspen Assay Library	3/26/2018	North Sea	Norway	48.0115372558435	0	1.0834840325055	0.0102908728899446	23.4057675480408	
Heidrun-2018	Aspen Assay Library	1/15/2018	North Sea	Norway	56.590208446456	0.537757726135282	32.1943977086278	2.71247588743975	25.3793056137012	
Mero-2016	Aspen Assay Library	3/23/2016	Latin America	Brazil	55.0347684361011	0.322081200883578	17.6566093953416	0.27	83.6044283054742	
Eagle Ford Chem Grade (Updated)-2017	Aspen Assay Library	10/25/2017	North America	United States of America	45.3719599759223	0.00542092333618164	0.875763369799517	0.00757628864302467	3.97562992228713	
Eagle Ford Gen Grade (Updated)-2017	Aspen Assay Library	10/25/2017	North America	United States of America	49.2176507805685	0.0890454359529125	1.96936102319555	0.0398625684789211	57.026328761312	
Mars blend-2017	Aspen Assay Library	1/1/2017	North America	United States of America	54.7350082250771	1.89299417780547	9.31423144691382	0.359243869236729	63.8500044776147	
Hungo-2017	Aspen Assay Library	2/10/2017	West Africa	Angola	54.7328330233134	0.588690037613218	9.94557153165857	0.454304769671307	72.3237030799454	
Grane-2017	Aspen Assay Library	10/9/2017	North Sea	Norway	55.2981882966354	0.643269302311201	9.69838918134187	0.964915516015567	67.4676043793706	
Volve-2015	Aspen Assay Library	1/1/2015	North Sea	Norway	54.7100678495578	1.78173945984501	7.86593173499855	0.149899071505198	65.7418047223338	
Handil-2010	Aspen Assay Library	1/1/2010	Asia	Indonesia	53.9376386757136	0.0790112929623678	4.22990964831436	0.299975266621403	84.0188806997167	
Flotta-2010	Aspen Assay Library	1/1/2010	North Sea	United Kingdom	53.7868022983742	1.07003248421466	5.22117111483545	0.18	46.7496669724831	
Troll Blend-2018	Aspen Assay Library	6/11/2018	North Sea	Norway	52.8128714689034	0.176354047110581	3.17499826959925	0.60385749600469	45.1937775229126	
Snohvit condensate-2018	Aspen Assay Library	8/24/2018	North Sea	Norway	45.2539011960547	0.00525091796128741	0.500264708682639	0.0172534406545114	-70.1539248437414	
Ormen Lange condensate-2018	Aspen Assay Library	4/17/2018	North Sea	Norway	45.5573674754541	0.00360243732258288	0.642343930508696	0.0195596586870342	-46.9820229811775	
Flotta-2016	Aspen Assay Library	6/24/2016	North Sea	United Kingdom	52.1664160290943	0.634010812572355	3.41094197276449	0.0568973748718151	73.0836941862226	
Djeno blend-2018	Aspen Assay Library	1/30/2018	West Africa	Congo	55.7757538359793	0.540068177952699	15.5404762351082	0.696076743667693	87.2221820334574	
Ormen Lange condensate-2015	Aspen Assay Library	9/2/2015	North Sea	Norway	45.7497798000185	0.00279966189903556	0.682547878047775	0.0217795661979369	-45.9922698228247	
Aasgard Blend (updated)-2012	Aspen Assay Library	09/18/2012	North Sea	Norway	48.8763151256382	0.160774967092272	1.10988770183163	0.0092349852103248	34.454102012816	
Asgard Blend (updated)-2018	Aspen Assay Library	3/26/2018	North Sea	Norway	48.746676562177	0.181104919553404	1.20870447780713	0.0111280762961075	29.5431785494833	
Grogon-2019	Aspen Assay Library	1/1/2019	Australia	Australia	47.724190528405	0.00830781540383606	0.920206417521924	0.0169140755501743	-36.8305694778827	
Culzean-2019	Aspen Assay Library	7/18/2019	North Sea	United Kingdom	48.755277344538	0.00682676494395407	1.31798956887155	0.0191233412908323	58.4760120189498	
Forties-2019	Aspen Assay Library	11/7/2019	North Sea	United Kingdom	51.1790750570086	0.664191876253757	2.41382598279902	0.07690691034398	59.1071954264027	
Gullfaks-2019	Aspen Assay Library	9/27/2019	North Sea	Norway	51.6863453888812	0.2141746985416	2.92412630644768	0.0819321904679604	58.4156768076066	
Harding-2019	Aspen Assay Library	2/20/2019	North Sea	United Kingdom	57.76844657165	0.562272563159722	34.8979457444031	1.12252231948029	32.9193245055424	
Johan Sverdrup-2019	Aspen Assay Library	2/6/2019	North Sea	Norway	55.4111379127863	0.827034085698595	10.9524395411389	0.285387627680429	71.4397714320596	
Schiehallion-2018	Aspen Assay Library	7/26/2018	North Sea	United Kingdom	56.4761312023507	0.461303513798719	17.3645882991069	0.289723258254425	57.6494252493128	
Troll Blend-2019	Aspen Assay Library	2/21/2019	North Sea	Norway	53.0485479880353	0.182089782136561	3.50821688236714	0.662251843772121	46.2915810344825	
Liza-2019	Aspen Assay Library	1/1/2019	Latin America	Guyana	53.8371309676582	0.510950045892348	7.41615205209811	0.215010239185405	70.6001224726348	
Poseidon-2017	Aspen Assay Library	3/1/2017	North America	United States of America	44.899408247421	1.83981481755604	9.52333682537952	0.446530902925427	82.8500180957704	
Southern Green Canyon Blend-2016	Aspen Assay Library	4/27/2016	North America	United States of America	55.1768859241511	2.24509217665383	12.8180141508617	0.0476945441897757	82.2904302410055	
Gindungo-2019	Aspen Assay Library	3/12/2019	North Africa		53.869186616348	0.576798247601866	6.18952669391341	0.37245965994203	70.2544391574916	
Gina Krog-2019	Aspen Assay Library	3/29/2019	North Sea	Norway	51.6249789135437	0.247738046287458	2.35679121597726	0.00709413310935318	62.7357001607829	
Aasta Hansteen-2019	Aspen Assay Library	7/1/2019	North Sea	Norway	51.2469549900272	0.0258925696152789	1.24681246068983	0.0143328348920192	-10.9962474131883	
Gindungo-2018	Aspen Assay Library	4/13/2018	North Africa		54.0473294414099	0.581781149021221	6.27474952710771	0.54	56.4776995043561	
Harding-2014	Aspen Assay Library	1/24/2014	North Sea	United Kingdom	57.5832757531502	0.531775564709819	36.4458299968273	1.72813788909687	43.1990571687649	
Azeri (Ceyhan)-2019	Aspen Assay Library	12/17/2019	Middle East	Azerbaijan	52.0401411143791	0.166523352668669	3.35559437589706	0.355263722575545	45.3177433108083	
Azeri Light-2019	Aspen Assay Library	2/21/2019	Middle East	Azerbaijan	52.8427315997469	0.147955613748668	3.1832915876196	0.265074386375855	53.1705231506292	
Banyu Urip-2020	Aspen Assay Library	6/18/2020	Asia	Indonesia	53.9248014048304	0.306083411635026	5.7060541610776	0.0481853711820983	89.4163031725059	
Bekapai-2016	Aspen Assay Library	3/1/2016	Asia	Indonesia	50.5447397505167	0.0577445099109388	1.97638473722076	0.151848887437828	55.2730056725848	
Duri-2012	Aspen Assay Library	6/7/2012	Asia	Indonesia	58.0888783617455	0.208845874783876	173.690347869709	0.949469907516219	83.7565472281693	
Handil-2016	Aspen Assay Library	3/1/2016	Asia	Indonesia	51.2814576539465	0.0586350237674778	1.8828728320008	0.104034303982958	61.6625230143492	
Senipah Condensate-2016	Aspen Assay Library	3/1/2016	Asia	Indonesia	48.2554761232595	0.0308545446705487	1.29871786496307	0.0214122028681685	25.1469347630268	
Shengli-1991	Aspen Assay Library	1/1/1991	Asia	China	56.480080544586	1.00435978101447	80.6685602774976	1.16	81.8070919830273	
Siberian Light-1995	Aspen Assay Library	9/1/1995	Asia	Russia	53.0496498600717	0.437823442800624	3.83711172163564	0.215735246546203	31.9526415071104	
Sokol-2020	Aspen Assay Library	6/18/2020	Asia	Russia	52.8986815940323	0.289916925546158	2.84127734232169	0.182314833438827	34.5146457760059	
Tapis Blend-2020	Aspen Assay Library	6/18/2020	Asia	Malaysia	50.7215157164245	0.0442423913404799	2.36683368192134	0.0400000000000003	74.8207667183277	
Terengganu-2020	Aspen Assay Library	6/18/2020	Asia	Malaysia	43.3205803312285	0.00215611947121454	0.508702290270965	0.252835951537012	-64.6477892823452	
Cossack-2016	Aspen Assay Library	10/5/2016	Australia	Australia	48.8885566316549	0.0307259060767967	1.35883847724508	0.0151560117152833	34.698643351576	
Gippsland-2020	Aspen Assay Library	6/18/2020	Australia	Australia	47.0460214822913	0.0445985932291904	1.25250129850896	0.0397116154305024	10.9855801668022	
Woollybutt-2020	Aspen Assay Library	6/18/2020	Australia	Australia	48.9636402262162	0.0178921753119057	1.33926532216068	0.0399341667298633	0.215858030954298	
Aasgard Blend (updated)-2020	Aspen Assay Library	8/26/2020	North Sea	Norway	49.1085125950572	0.180721846546035	1.11443595688746	0.15	29.3559014797344	
Alvheim Blend-2020	Aspen Assay Library	7/5/2020	North Sea	Norway	53.5657919052791	0.220703178871086	4.61609594312354	0.417443534928203	52.2960729062563	
Balder-2020	Aspen Assay Library	6/18/2020	North Sea	Norway	55.6549256177634	0.639890250086491	14.8104154861578	0.149923241343619	63.5381891167785	
Brent Blend-2020	Aspen Assay Library	6/18/2020	North Sea	United Kingdom	51.4859872926439	0.347869865967715	2.7204820872807	0.101126066430671	39.8685541865323	
Curlew-2020	Aspen Assay Library	6/18/2020	North Sea	United Kingdom	49.4319752780841	0.143072847142743	1.37075178886712	0.100946177868797	53.7066010566191	
Ekofisk-2016	Aspen Assay Library	6/2/2016	North Sea	Norway	51.6806936236844	0.215092698640343	3.1480301441573	0.0651485256546174	50.8239328145862	
Ekofisk-2020	Aspen Assay Library	6/20/2020	North Sea	Norway	51.6340172561614	0.208075977364653	3.50245522858777	0.149703537947062	48.030822721096	
Foinaven-2018	Aspen Assay Library	8/9/2018	North Sea	United Kingdom	55.9355037261302	0.396818232291432	17.3355289999615	0.147980657970122	50.5716333683126	
Gina Krog-2020	Aspen Assay Library	9/23/2020	North Sea	Norway	51.1196293550159	0.202343810846134	2.05674409260376	0.00600835870370825	57.4547993780549	
Grane-2021	Aspen Assay Library	1/4/2021	North Sea	Norway	54.3962776324556	0.569476803222819	6.97412506387626	0.787866672034405	65.2435295365877	
Gryphon-2018	Aspen Assay Library	12/18/2018	North Sea	United Kingdom	57.3048495759108	0.43568013420307	3.74207891237164	3.27883205226389	5.45200905908741	
Gudrun Blend-2020	Aspen Assay Library	2/13/2020	North Sea	Norway	46.867242780701	0.069707250078784	0.811867639683203	0.00755170581621573	24.8079128151081	
Jotun-2020	Aspen Assay Library	6/18/2020	North Sea	Norway	51.0124127938086	0.169319324728997	2.82180156457426	0.149677301084286	25.8349513768434	
Norne Blend-2020	Aspen Assay Library	8/16/2020	North Sea	Norway	53.8943032302293	0.237460070344308	5.88583395202407	0.137488765707902	77.2322085361434	
Skarv-2020	Aspen Assay Library	12/17/2020	North Sea	United Kingdom	47.9305084985741	5.63033954543383	1.05260704097239	0.0167401666085945	-1.83883795148073	
Statfjord-2010	Aspen Assay Library	2/1/2010	North Sea	Norway	51.5429947818273	0.219002225125864	2.69956915434078	0.0383617756992191	61.2382009958139	
Statfjord Blend-2020	Aspen Assay Library	6/18/2020	North Sea	Norway	51.508657824413	0.203315878363803	3.14455324257411	0.149708305850502	35.0089985861615	
Troll Blend-2020	Aspen Assay Library	5/28/2020	North Sea	Norway	52.106664525781	0.174989344249534	3.02078042979801	0.336562384507361	49.5617882497172	
Troll Blend (Simulated)-2020	Aspen Assay Library	7/16/2020	North Sea	Norway	52.0785093045594	0.152021176241646	2.40343781039403	0.51643330628072	39.4821162462968	
Escalante-1995	Aspen Assay Library	4/17/1995	Latin America	Argentina	56.6804155108057	0.202133330763946	109.808806362753	0.56	30.0367519485086	
Galeota Mix-2018	Aspen Assay Library	12/14/2018	Latin America	Trinidad and Tobago	52.5789027628686	0.236331806266798	2.74777176017102	0.313980142005878	46.2632068073746	
Lapa-2018	Aspen Assay Library	10/8/2018	Latin America	Brazil	57.1489010958299	0.56959983763496	21.6272261683819	0.0838367302168272	99.8076528140756	
Liza-2020	Aspen Assay Library	5/4/2020	Latin America	Guyana	53.8640125843472	0.585756947182207	7.33665046850946	0.235634165134316	72.5862758845339	
Medanito-2012	Aspen Assay Library	9/10/2012	Latin America	Argentina	53.4584110440721	0.471374286447435	6.03956858994451	35.5650610269298	74.4596255583778	
Mero-2019	Aspen Assay Library	7/1/2019	Latin America	Brazil	54.991346839623	0.324496715838767	40.1037627316892	0.174503586358796	79.0273458005748	
Alaskan North Slope-2018	Aspen Assay Library	4/10/2018	North America	United States of America	53.4265409805208	0.912605841370075	4.41598525402826	0.193613098113834	73.025160181254	
Alaskan North Slope-2017	Aspen Assay Library	1/1/2017	North America	United States of America	53.7063809626503	0.959601651623757	6.63527110055051	0.199952867952624	37.4889361140665	
Cold Lake Blend-2020	Aspen Assay Library	6/18/2020	North America	Canada	58.112533021147	3.81772273907805	87.3630178444727	0.422411133020637	40.4172368472896	
Eagle Ford Chem Grade*-2018	Aspen Assay Library	12/21/2018	North America	United States of America	46.0638299139584	0.00763396147616172	0.821940536136114	0.0258411938796207	11.843796578249	
Hebron-2018	Aspen Assay Library	10/24/2018	North America	Canada	58.1232170396785	0.791546999586846	85.9189584866366	1.11720673939478	89.5128182194543	
Hibernia-2016	Aspen Assay Library	6/1/2016	North America	Canada	53.2917762231345	0.558611784788286	5.02871510023359	0.0881729193482804	70.7064720715821	
HOOPS Blend-2020	Aspen Assay Library	6/18/2020	North America	United States of America	52.9660743765626	1.14910902109983	4.18898686177219	0.302260414930845	35.2328695006257	
Kearl-2020	Aspen Assay Library	6/18/2020	North America	Canada	57.982669916751	3.85479872491508	31.1336961795787	0.422422004180849	40.265882110899	
Sable Island-2020	Aspen Assay Library	6/18/2020	North America	Canada	45.8035415477817	0.00243916209896542	0.55474083368193	0.422217897808591	-89.9350322169832	
Terra Nova-2020	Aspen Assay Library	6/18/2020	North America	Canada	53.1980241947259	0.524956887652106	5.36055911242761	0.422358895608093	72.8054461890447	
Thunder Horse-2019	Aspen Assay Library	10/13/2019	North America	United States of America	53.3528547584212	0.816936534402886	5.22022062786292	0.0424334161710206	83.2627046229322	
Basrah Light-2017	Aspen Assay Library	3/14/2017	Middle East	Iraq	53.9838271404257	2.63278599012139	6.10054253194949	0.0655874615967433	67.2670399327168	
Das Blend-2016	Aspen Assay Library	3/21/2016	Middle East	United Arab Emirates	51.6298234008311	1.17999514720177	2.68536282699998	0.0766980479515889	49.9243741063057	
Murban-2015	Aspen Assay Library	2/19/2015	Middle East	United Arab Emirates	51.2351917097357	0.727817586275337	2.60243738200166	0.0350305779869481	42.7795940879145	
Oman Export-2016	Aspen Assay Library	9/20/2016	Middle East	Oman	54.0834055718623	1.40879700460443	9.40079080372164	0.498199064473137	62.8720698632779	
Upper Zakum-2017	Aspen Assay Library	1/1/2017	Middle East	Abu Dhabi	53.1887745663385	1.7440169226953	6.49031425465737	0.0962106823543203	39.7302180575864	
El Sharara-2018	Aspen Assay Library	3/22/2018	North Africa	Libya	50.6091047691405	0.079402359923868	2.02047865359592	0.0173447384334926	38.1506860036759	
Es Sider-2018	Aspen Assay Library	10/16/2018	North Africa	Libya	52.4951757536966	0.379855143007957	4.26757957537827	0.161674412600469	78.9020743775267	
Akpo Blend-2015	Aspen Assay Library	2/9/2015	West Africa	Nigeria	49.6504913078141	0.0726060635901824	2.79005573939328	0.0933266286614005	59.1492368703099	
Amenam Blend-2018	Aspen Assay Library	9/20/2018	West Africa	Nigeria	51.5801967329059	0.0981839895809763	2.37625732803738	0.251542348195794	65.6000292129668	
Brass River-2012	Aspen Assay Library	8/1/2012	West Africa	Nigeria	51.2702116537097	0.179096751987283	2.05253584713539	0.229711938293562	57.4078734853914	
Clov Blend-2016	Aspen Assay Library	12/30/2016	West Africa	Angola	54.2050296376597	0.253881620516566	5.74288849926628	0.409743436410347	56.1630830411472	
Dalia-2018	Aspen Assay Library	7/28/2018	West Africa	Angola	57.0093729759884	0.510793356563106	28.0557565140752	1.28007394157264	54.939604078944	
Doba Blend-2020	Aspen Assay Library	6/18/2020	North Africa	Chad	55.1199763460531	0.0687686766791036	31.1183230042844	5.17997850156627	98.6196010797242	
Ebok-2020	Aspen Assay Library	6/18/2020	West Africa	Nigeria	58.3292429048034	0.39632383395318	108.417239532914	0.15297489373442	37.2357631644519	
Erha-2020	Aspen Assay Library	6/18/2020	West Africa	Nigeria	52.9190661883467	0.170032074176536	3.38178360110815	0.152862872639222	38.0971112473761	
Girassol-2020	Aspen Assay Library	6/18/2020	West Africa	Angola	54.5694529328181	0.345311698094045	9.61056729479427	0.669938985278871	51.545336750171	
Hungo-2020	Aspen Assay Library	5/23/2020	West Africa	Angola	54.9241073828435	0.652173455169579	10.3463480004917	0.396255391330227	61.7549264032971	
Kissanje Blend-2018	Aspen Assay Library	7/3/2018	West Africa	Angola	54.710280792154	0.374648974217012	9.15328305448501	0.425817739317407	72.2842887828328	
Mondo-2020	Aspen Assay Library	6/18/2020	West Africa	Angola	55.4527467657706	0.447199988204637	19.5546314295201	0.669862475943276	38.1028897907189	
Oso Condensate-2020	Aspen Assay Library	6/18/2020	West Africa	Nigeria	48.9266831509974	0.0296250607883878	1.27707759978745	0.152545924594317	48.9611127272965	
Pazflor-2020	Aspen Assay Library	6/18/2020	West Africa	Angola	56.5139236101858	0.40341824469967	22.2969089420699	0.669970497972855	40.5163651346326	
Plutonio Blend-2018	Aspen Assay Library	8/18/2018	West Africa	Angola	53.7784537965898	0.3862234919297	7.31979322178094	0.13301322710971	84.9108536236821	
Qua Iboe-2016	Aspen Assay Library	1/1/2016	West Africa	Nigeria	51.9645378103062	0.100502667180463	3.06067436013983	0.251237943207358	63.2043475976748	
Rabi Light-2016	Aspen Assay Library	7/25/2016	West Africa	Gabon	53.4112294225277	0.141651365091146	10.0379143254232	0.0779544047050968	94.0699243000876	
Saturno Blend-2019	Aspen Assay Library	7/22/2019	West Africa	Angola	54.1268798957966	0.81005703149632	14.4349999237237	0.393596495225463	77.0185692498878	
Saxi Batuque-2020	Aspen Assay Library	6/18/2020	West Africa	Angola	53.0651698041511	0.326512247839665	5.1433525214048	0.669999999999999	49.3783945767813	
Usan-2020	Aspen Assay Library	6/18/2020	West Africa	Nigeria	54.8454658640211	0.273061950034	4.83179061472176	0.152887599513172	37.7945690944015	
Zafiro Blend-2020	Aspen Assay Library	6/18/2020	West Africa	Equatorial Guinea	54.5097445311097	0.254363111093279	4.99311984262686	1.41991945697647	34.9233641701545	
N'Kossa-2017	Aspen Assay Library	8/25/2017	West Africa	Congo	50.6510673315596	0.0412752210131809	2.63558433574318	0.0445810557345608	66.3502392518733	
Azeri (Ceyhan)-2020	Aspen Assay Library	11/23/2020	Middle East	Azerbaijan	52.0021795366855	0.171335908352098	3.32006253470015	0.448526562064778	45.0819626550785	
Azeri Light-2017	Aspen Assay Library	10/16/2017	Middle East	Azerbaijan	52.3606924284423	0.151651246824772	3.77706471427753	0.25488524339521	53.0137707549963	
Ichthys Condensate-2019	Aspen Assay Library	4/25/2019	Australia	Australia	49.0535970028122	0.0073444920278318	1.52522232407983	0.0382686236720088	45.4513946712547	
Kutubu-2020	Aspen Assay Library	6/18/2020	Australia	Papua New Guinea	48.2987444797727	0.0212896029196019	0.967374793223359	0.0295876135227472	24.7910396994656	
Gorgon-2020	Aspen Assay Library	6/18/2020	Australia	Australia	47.72419052829	0.00830781539948477	0.920206417521827	0.0169140755503931	-36.8305694705745	
Alaskan North Slope-2010	Aspen Assay Library	12/04/2010	North America	United States of America	43.6737863097519	0.541209879433643	1.13455837742074	0.0802160685125186	16.7493275984458	
Alaskan North Slope-2015	Aspen Assay Library	7/27/2015	North America	United States of America	53.7749144342856	0.969041929916146	4.4999801577531	0.0963331975898568	71.2135295340183	
Alvheim Blend-2013	Aspen Assay Library	9/5/2013	North Sea	Norway	52.9952285434559	0.170929969170554	4.47955346515369	0.0768708865754815	61.288054810338	
Azeri Light-2015	Aspen Assay Library	7/2/2015	Middle East	Azerbaijan	52.8729168123	0.142319825203395	4.78222397403972	0.288938318867077	63.66774460585	
Balder-2015	Aspen Assay Library	1/1/2015	North Sea	Norway	55.6506356509952	0.582393690814897	14.5521570848739	1.20190351754395	146.26883609769	
Dalia-2015	Aspen Assay Library	3/9/2015	West Africa	Angola	57.1544150748205	0.508208414040786	29.7089838279022	0.622904574861688	55.1593788278523	
Galeota Mix-2015	Aspen Assay Library	6/12/2015	Latin America	Trinidad and Tobago	51.8671401080999	0.206591731885654	2.27040872072226	0.322856969337636	22.7100744061557	
Gudrun Blend-2016	Aspen Assay Library	2/25/2016	North Sea	Norway	48.6949592462941	0.0926045266149378	1.23108333362476	0.00657166716794237	31.3278354293135	
Kirkuk blend-2014	Aspen Assay Library	12/1/2014	Middle East	Iraq	53.2094898609468	2.35217443273397	4.88478328781172	0.0440225210398193	74.1142903953057	
Qua Iboe-2015	Aspen Assay Library	1/1/2015	West Africa	Nigeria	52.2664323452197	0.110522692538846	3.11351487580901	0.334704397814527	67.2794958939555	
Saturno Blend-2015	Aspen Assay Library	2/24/2015	West Africa	Angola	55.4926756917544	0.804908650177636	11.2646381421205	0.491898360173469	75.3863906927027	
Azeri Light (BTC)-2017	Aspen Assay Library	10/16/2017	Middle East	Azerbaijan	52.3628407736724	0.151638073914551	3.77834622963049	0.31693460500712	53.0780379924284	
Azeri Light (Supsa)-2019	Aspen Assay Library	2/21/2019	Middle East	Azerbaijan	52.8427315997469	0.147955613748668	3.93702798465944	0.265074386375855	53.1705231506292	
Basrah Medium-2021	Aspen Assay Library	9/3/2021	Middle East	Iraq	54.6816898908698	2.92895850968535	8.47049871636732	0.111854115153031	45.528209051794	
Basrah Heavy-2021	Aspen Assay Library	9/3/2021	Middle East	Iraq	56.5119788171975	3.83251938094951	17.8165939586526	0.111852364526798	44.9430388574291	
Kutubu-2021	Aspen Assay Library	9/3/2021	Australia	Papua New Guinea	48.2987444797727	0.0212896029196019	0.967374793223359	0.0295876135227472	24.7910396994656	
Gippsland-2021	Aspen Assay Library	9/3/2021	Australia	Australia	47.0460214822913	0.0445985932291904	1.25250129850896	0.0397116154305024	10.9855801668022	
Gorgon-2021	Aspen Assay Library	9/3/2021	Australia	Australia	47.72419052829	0.00830781539948477	0.920206417521827	0.0169140755503931	-36.8305694705745